document_type,id,first_name,lastname,phone_number,address
TI,95339190,Teador,Mariot,6601180890,46 Main Circle
PP,51442038,Opaline,Buscher,2861914553,8 Onsgard Junction
TI,55336047,Felicdad,Anderl,1416975666,97413 Lukken Crossing
CE,80362552,Joell,Leicester,2188906474,8348 Annamark Trail
PP,81669882,Miltie,Bosdet,6374355850,06 Blaine Terrace
CC,71836738,Tanner,Isles,3727982901,429 Coleman Hill
CE,35858552,Auberta,Chiplen,9221624988,735 Stuart Pass
PP,77639697,Buddie,Philippon,4642632592,04987 Namekagon Pass
CC,30923988,Sanford,Stanyland,1591743957,70872 Redwing Terrace
CE,19859786,Tania,Fitzgerald,3112863775,266 Knutson Place
CE,63476343,Pepi,Prodrick,6041709038,4 Vermont Drive
TI,45105318,Mariquilla,Jacson,7005390953,8650 Gerald Place
CE,28764120,Paulina,Allerton,2462784868,1193 Carey Hill
CE,46907496,Niccolo,McGrae,9542729789,42372 Fulton Drive
PP,32643590,Gerrilee,Stredder,3848377400,24651 Spenser Park
TI,93439234,Quinn,Wilkowski,8907824322,46149 David Road
CE,45456287,Alden,McDavitt,3147495408,12 Center Hill
TI,73947252,Martina,Caseley,2155327259,67678 Bellgrove Trail
CE,89481537,Jasen,Damp,6806659346,5976 Hayes Road
TI,55422607,Armando,Cant,9479693148,0 Dapin Road
TI,17883640,Percival,Albrighton,8555816575,0101 Miller Way
CC,77528327,Lexine,Grzegorecki,3086709162,2594 Parkside Parkway
CC,91580092,Rhoda,Pattison,3774582642,4042 Sachs Park
CC,83408512,Lusa,O'Gaven,6036459128,2942 Merchant Alley
CC,75868674,Valentina,Royston,4055786902,40476 Eggendart Circle
TI,55439861,Pearle,Wilstead,2031194776,72412 Forest Run Pass
PP,62545873,Corabelle,Jandera,6338022762,459 Shoshone Parkway
CE,51539616,Sib,Oloshkin,7856331282,2431 Pawling Street
TI,70201433,Thebault,Newcomen,2999314987,88193 Sloan Crossing
CC,39555994,See,Kingett,1376490902,218 Fuller Junction
TI,26561120,Indira,Connar,9803749371,801 Pennsylvania Court
CE,70798370,Letizia,Staton,4443858988,6 Maryland Plaza
CC,27709798,Lynsey,Bingell,2655329437,9 Mitchell Street
PP,30194252,Claudina,McCurrie,8254443370,588 Ludington Circle
CC,84258762,Koressa,Wisniowski,5672542048,4 Declaration Alley
PP,39971129,Ezechiel,Georgescu,1942421857,678 Helena Drive
CC,54585293,Elisha,Vickerman,6943136718,5670 Anhalt Hill
CC,54513640,Natalya,Thain,1349593125,388 Bultman Plaza
PP,95692098,Horatius,Philbrook,7771705023,6 Fordem Court
TI,87662389,Ronny,Salters,5575176597,695 Hanover Way
CC,89556701,Jolene,Strutley,8493575434,0928 Lillian Parkway
TI,70568003,Hillary,Lidgertwood,6517480800,37 Pine View Alley
PP,15165904,Amalie,Duffyn,2813179972,156 Manitowish Parkway
CC,42713963,Corliss,Eve,4886533449,98325 Oneill Street
CE,53551475,Herminia,Mantha,8964604501,239 Dryden Way
CC,44956428,Adrien,Askie,5403792268,6158 Carey Alley
CC,90139687,Adiana,Brew,2988158470,5 Burrows Plaza
TI,77111396,Vergil,Bartelet,5833862481,33474 Merrick Avenue
PP,41375129,Austin,Lowrance,5425603876,49319 Pankratz Lane
TI,22644509,Goober,Roelofs,6551508814,119 Eggendart Drive
TI,34967434,Nat,Le Clercq,1917542666,038 Montana Center
PP,75853566,Norma,Fearey,3367162503,7 Elmside Hill
CE,87723834,Jerad,Flode,2872869884,8 Meadow Ridge Court
CE,41877138,Aubrie,Sharvell,1048105807,5007 Stone Corner Lane
PP,27254739,Cullen,Peres,2161339539,5 Esker Street
CE,76690189,Tommie,Hawford,9118522118,8585 Sachs Plaza
CC,28679513,Ulick,Lowles,4506580400,69676 John Wall Terrace
CC,26626415,Elsy,Bossom,4871906615,59913 Merrick Parkway
CC,95308057,Jemmy,Haldon,7692029164,320 Troy Parkway
TI,86827605,Dionisio,Spriggen,3347876635,0106 Cody Place
PP,25411352,Kellie,Ciementini,4614444869,972 Dexter Center
PP,86131276,Addison,Nenci,1829445413,80 Michigan Street
CE,38570490,Artie,Mogg,3622623125,4 Monument Road
CC,95713694,Jacqui,Rheam,5247865477,1 Kinsman Avenue
PP,14164749,Pierre,Arton,1222937589,36585 Garrison Drive
CE,30573143,Mareah,Crosland,4365370956,55939 Nevada Park
TI,70818404,Cyrus,Carff,3774449429,7752 Summerview Street
CE,44725780,Corabel,Stinson,8768338517,62028 Helena Lane
CC,22471793,Corby,Cauthra,1538263911,2319 Waubesa Point
CC,44880500,Adey,Prendergrass,5726001263,15 Blaine Way
CC,83944564,Fabiano,Rabbage,7092490053,1 Village Green Crossing
CC,12085457,Jobi,Rohlfs,4585453474,849 Fairfield Circle
CE,14603947,Wandis,Quinevan,5284515914,117 Morrow Lane
CE,28118874,Dot,Walkden,4263736248,1041 Sutherland Circle
TI,85277377,Jobye,Letcher,8102162501,54 Lake View Center
CE,71662274,Stanley,Yukhnevich,3396916138,6 Manitowish Road
TI,59864007,Chelsea,O'Neal,4777243984,45 Buena Vista Trail
TI,81297858,Dmitri,Gonzalez,6639664957,866 Stone Corner Point
CE,15630236,Ashlan,Rosenberg,7165376103,89110 Hovde Crossing
CE,96317273,Link,Arthars,7093380728,06376 Ohio Center
CC,56427303,Sonia,Corbally,5343383730,4230 Gulseth Way
PP,76048204,Alisander,Foulser,5753481046,7343 Moose Plaza
CC,39215624,Kurtis,Sholem,3967269945,20184 Esch Park
PP,21027337,Aleta,Greenway,7767153525,1 Meadow Valley Court
CC,34188821,Janith,Eallis,5593250228,244 Northport Street
TI,79140745,Ricard,Garden,4103132285,839 Center Place
CC,35809310,Adolpho,Scandrite,8542174913,58 Gateway Parkway
CE,38366295,Carmita,Sawyers,9589468827,902 Thackeray Drive
PP,75821266,Ban,Surgeon,5087014449,7 Pond Circle
PP,80061900,Laurice,Rustich,8216142168,84282 Garrison Terrace
PP,93672140,Veronike,Elsom,8552589624,7 Cascade Drive
CC,66775806,Bartholemy,Lardier,6416480834,77 Leroy Circle
PP,35820129,Cross,Kingswood,8587896926,50712 Ryan Parkway
TI,59360587,Juanita,Branigan,4673815156,0 Sloan Court
PP,12863874,Matthieu,Dillicate,4616700547,4 Delaware Court
TI,24485520,Janet,Faivre,3651105273,90695 Ridgeway Circle
CE,85634167,Nicolette,Hethron,2395178013,0585 Arkansas Hill
CC,20068557,Sindee,Rolls,5269516780,235 Farwell Point
PP,74410116,Katya,Boase,5422146730,515 Badeau Street
TI,90794617,Ava,Dutt,7768121131,546 Forest Trail
PP,90053803,Eloise,Klauer,8971020742,3404 Almo Court
TI,49793716,Thorn,Stryde,3319836247,3 Hoffman Alley
CE,42053103,Emelyne,Arnaldo,1274136724,333 Delaware Court
CE,18236176,Aileen,Scorer,1634608809,2708 Mosinee Hill
CE,84501428,Stearn,Hughes,7378089873,928 Mccormick Street
PP,79638071,Christian,Rusted,6713932648,59 Buhler Crossing
PP,64831749,Benedetta,Suerz,1771642102,71 Golf View Circle
CC,11133444,Lena,Brindley,7734425006,147 Vernon Plaza
PP,43244838,Melania,Thomke,6356972963,33016 2nd Pass
TI,51381174,Rosabel,Tuhy,9585170243,4 Hintze Street
CE,79176110,Armand,Gosalvez,8326730097,3 Lillian Crossing
CC,55971416,Micky,Krol,6307813819,19436 Novick Center
PP,86610886,Karlee,Tilly,2593338504,99697 Cottonwood Alley
PP,30397030,Katey,Bettleson,2534629352,301 Monument Court
TI,80295214,Leonora,Basire,5098055537,8 Bay Crossing
PP,19103207,Stillmann,Caps,3744630797,7619 Armistice Junction
PP,86088583,Annalee,Fairlaw,2964831365,12 Gateway Junction
TI,35579656,Aldrich,Blizard,9382234879,41810 Parkside Lane
TI,28390462,Ashlen,Geaveny,1267329154,6263 Talisman Hill
PP,26286753,Ruth,Elacoate,5336555917,6787 Mayer Alley
TI,45928356,Dori,Traise,3847270529,48120 Crownhardt Point
TI,34805914,Angelle,Footitt,7805175661,8015 Southridge Drive
TI,79395255,Doria,Teresa,8988925576,5 Colorado Drive
CE,59392076,Casey,Klain,6786288898,6682 Hayes Way
CC,55477778,Gamaliel,Ivanyutin,8846536788,4 Hintze Drive
PP,51127013,Carina,Bernakiewicz,2086791277,3 Ryan Park
TI,89441482,Kathye,Pero,7848421139,16 Swallow Court
CC,75194311,Connie,Heffernan,3505250538,9 Esker Plaza
CE,50276304,Allina,Riding,8683643576,719 Veith Parkway
TI,50607478,Phillie,Ximenez,8218265867,5473 Sommers Alley
PP,61622339,Ramon,Johncey,7751754857,901 Corry Lane
CE,79895079,Gertruda,Seathwright,1729730685,850 Packers Hill
CE,78104844,Agnese,Scudders,1709019379,83 Dexter Avenue
CC,67528534,Marinna,Corey,6082337214,066 Tennessee Junction
CE,18073000,Mellicent,Sotham,2183053212,7853 Dayton Hill
TI,18576060,Rafaellle,Fawson,9552160967,9129 Meadow Ridge Point
CE,58623227,Bondy,Argyle,4036188823,92 Morrow Street
PP,75307709,Horace,Konertz,1832550053,020 Stephen Point
CE,22270762,Garwin,Barkess,6466433697,54 Lakewood Lane
TI,50338905,Normand,Cusick,7864229858,8 Messerschmidt Junction
TI,42460188,Lucie,Kmieciak,5461591778,4164 Monterey Circle
CC,75238865,Chrissie,MacKay,9102831793,104 Sunnyside Court
CE,95182830,Deane,Coudray,2391885582,4 Thackeray Park
PP,21348155,Aylmer,Gutteridge,5341055440,79 Summit Road
CC,75689360,Lucina,Sessuns,9663280796,06 Oneill Avenue
TI,18619151,Jaclyn,Grigolon,4718797446,28824 Menomonie Way
CE,41043532,Teodora,Spray,4127257465,88185 Roth Road
CC,31817241,Osmond,Pyner,8849506159,3373 Shopko Parkway
CE,75594723,Leland,Fosserd,3371864745,6677 Pankratz Crossing
CE,46869596,Kit,Gregan,7478126719,6 Raven Terrace
CC,24042594,Franny,Copyn,8465199579,2 North Pass
CC,47795659,Rosabelle,Michael,5192799914,267 Mcguire Road
PP,33212756,Katuscha,Dorracott,3466415771,070 Crescent Oaks Plaza
CC,75188199,Courtnay,Croshaw,4369727953,3608 Spenser Junction
CE,70665806,Ezekiel,Lefort,1594714173,975 Kensington Place
PP,34749096,Connie,Drust,1266251027,55 Pleasure Road
CC,58961717,Max,Human,4959182106,45 Crescent Oaks Trail
CC,23966139,Stafani,Benedito,6561825203,19983 Dapin Crossing
PP,45200026,Jeddy,Kincla,9483576442,7998 Village Road
PP,73639808,Ebonee,Hatfull,1255834367,10359 Sheridan Lane
CE,26868925,Anatole,Philipp,2482221618,28712 Myrtle Road
CC,26638228,Terrijo,Rupp,6325735361,665 Clarendon Street
TI,30920050,Webb,Crews,3921763227,6 7th Circle
CE,85263038,Kordula,Newbigging,4028835465,25186 Tennessee Court
CE,83625243,Sally,Kupper,1119761737,90591 Coleman Parkway
CE,70459577,Courtnay,Baleine,1748466253,69868 Hayes Drive
PP,80516640,Catrina,Orring,3394310026,46 Express Way
CC,72301523,Farrell,Simmons,3619481694,9334 Westport Drive
TI,92634396,Salvidor,Le Marchant,1462487925,80804 Magdeline Court
TI,14783345,Vassili,Hartil,6934513659,67316 Bartelt Road
PP,98604722,Tawnya,Atger,4918463438,6 Coolidge Plaza
CE,42907446,Faythe,McCrory,6628640061,4 Brickson Park Street
PP,91930921,Kristofor,Bunnell,4868129384,29 Loomis Road
PP,31663213,Corly,Kment,7565435566,9 Lake View Terrace
TI,68674934,Jacquette,Muddicliffe,3763071735,20660 Jay Point
TI,37742900,Henrie,Uff,9622944110,0 Loeprich Hill
CC,49169710,Solomon,Elles,3881911998,3 Arrowood Center
CE,16624472,Emlyn,Ramage,1182406968,66168 Northport Lane
CC,55283067,Brana,Ross,9959192342,8 Mendota Street
TI,92305853,Gretna,Bakesef,8177831447,78075 Nobel Junction
PP,56085304,Tiebout,Posnette,6502591302,997 Corscot Trail
CE,38324940,Simeon,Rowaszkiewicz,9862794901,789 Evergreen Park
TI,65035258,Tobit,Wildin,1868370532,7 Merchant Way
TI,71259212,Jamill,Riba,2362745110,242 Jana Plaza
TI,70279726,Lee,McGloin,8779623315,1 Artisan Terrace
CE,56326748,Corby,Patshull,5754952141,98 East Parkway
PP,26360367,Shelley,Parkhouse,6248704542,326 Tennessee Park
TI,41103846,Tiffi,Tirte,5652587638,2 Westend Circle
TI,39963683,Kathrine,Karet,6909141435,908 Ridgeview Pass
TI,50668793,Queenie,Parsley,3959756658,2409 Lakeland Way
TI,66802782,Halley,Lapwood,9732078764,8 Logan Trail
PP,55370703,Ernesto,Bonsall,6954305260,87758 Golf View Avenue
CC,31668234,Basia,Fellgett,1508709059,07 Saint Paul Point
CC,29063845,Evita,Bidmead,6405927032,9567 Steensland Trail
CE,89372780,Elsy,Burnsall,9506793671,128 Lakewood Gardens Drive
PP,60149770,Evy,Handford,2161836075,884 Magdeline Junction
CC,70162273,Hadrian,Cowlard,6549301146,760 Tony Plaza
TI,74730834,Eugenie,Sharrier,7705095904,8 Prairie Rose Point
TI,66570347,Emmalynn,Blinde,8211445529,29829 Maple Center
CE,37335335,Hamnet,Scatcher,7767663310,67 Aberg Drive
CC,59419832,Brandais,Coker,4356403836,2 Mccormick Avenue
CC,52728664,Dawn,Pear,3505703885,93265 Upham Terrace
PP,91175251,Darrin,Astley,5236079238,15442 Annamark Place
PP,39153356,Darda,Garrioch,8586519305,8 Katie Pass
CC,56906845,Audra,Cogswell,6121574703,809 Butternut Center
TI,93935690,Marchelle,Nelane,5441841153,51 Dixon Crossing
CC,86419587,Athene,Gurery,4606352268,29 Kropf Pass
CE,47132508,Luise,Sharvell,3503479579,28728 Colorado Road
CE,83964458,Kylila,Gidley,3461710163,44484 Fisk Trail
TI,56617907,Rici,Bowlands,7686297668,8214 Beilfuss Crossing
CC,79215102,Georgianna,Holson,5672203828,6 Dennis Place
TI,44794772,Gilburt,Ferrillio,4538405579,11 Mayfield Center
TI,90948527,Silvio,Supple,3635780846,57290 Fulton Park
CE,28833118,Pier,Brodley,2517785037,0994 Merry Road
CE,14309413,Lanny,Sharphurst,8445419823,32 Muir Street
CE,39259020,Roarke,Roadknight,3478958084,0926 Maryland Crossing
TI,51360251,Emalia,O'Noland,2289781687,33 Rigney Park
CC,69859808,Lyda,Ibbotson,5057786317,0714 Calypso Place
TI,59321723,Corrine,Janusz,8695050158,42 Golden Leaf Road
TI,57598277,Selestina,Love,1085426903,145 Union Way
TI,84136644,Leupold,Padrick,9863288524,71 Mcguire Parkway
PP,35294442,Mycah,Keppe,1649177718,01712 Blackbird Lane
CE,78014181,Velma,Ruste,3255579631,32 Fairview Point
PP,26964157,Bryana,Piatto,5193707601,08 3rd Circle
PP,26280428,Alisa,Alvarez,1201583649,6 Ramsey Lane
PP,58072951,Annie,Forton,8622317545,571 Hintze Pass
CE,15555315,Ketti,Mil,5264715353,26768 Jenifer Hill
TI,86292633,Bathsheba,Martinets,1825400762,8 Springview Court
TI,86725831,Melloney,Carpenter,3373821902,6665 Truax Parkway
PP,89407044,Merl,Whitmore,3949977006,456 Raven Way
CC,11195762,Rolando,Raddin,9134927660,0605 Miller Center
CC,52623943,Durward,Foch,7266908063,3732 Arizona Drive
CE,49054535,Kelley,Bray,9163546849,18827 Waywood Point
CE,20365919,Lynea,Spurr,1446990180,56675 Division Lane
PP,31744077,Fidelity,Smiz,8343612931,3460 8th Court
PP,95811053,Omar,Tuberfield,1188946355,31114 Basil Terrace
PP,76503608,Ferdinande,Footer,5754166326,54 Center Street
CE,56170977,Giulia,Alfuso,8935530429,09067 Monica Road
PP,52517027,Tyrus,Walter,6391602372,12119 Sunfield Center
CE,47718918,Abran,Assiratti,1228192319,41023 Victoria Avenue
CC,47800301,Elizabeth,Lewty,3975493502,23 Sherman Pass
CE,94654085,Pam,Hanscombe,6679619995,3403 Village Crossing
TI,41416423,Homere,Beamson,5167327487,23174 Pine View Lane
PP,85908499,Dorothee,Syvret,8007247049,30 Grover Center
CE,55316038,Georgena,Coopman,4721020551,2 Buena Vista Park
CE,61128595,Robert,Bavridge,2101142270,98590 Almo Way
TI,37158660,Abram,Foyle,9281533435,511 Summerview Park
CE,48821034,Wendel,Heyward,2175816667,3 Sutteridge Avenue
PP,77985773,Priscella,Richardt,7137877184,57730 Bultman Park
CE,37049361,Phillip,Eliot,4959358015,5890 Bartillon Terrace
TI,94859066,Denney,Kiebes,7767564999,6318 Bunker Hill Circle
CE,80568489,Asia,Gonsalvo,1438329115,507 Everett Center
TI,83137950,Hazel,Crawshaw,1744676245,688 Pepper Wood Trail
PP,70945640,Penelope,Toor,2413375242,2038 Iowa Terrace
TI,44275447,Krystal,Galland,7124216694,05 Waxwing Lane
TI,52931159,Livvy,Stallen,5951801011,6224 Mallory Lane
TI,70053147,Bevan,Duckham,2674024733,174 Arrowood Street
TI,90709905,Tori,Shillan,6157684168,0 Hooker Drive
PP,93878290,Jaquenette,Wastell,5198052024,448 7th Street
CE,79785929,Ingeborg,Marsham,2023713387,102 Hagan Avenue
PP,28254164,Yorke,Holston,3033825523,027 Hauk Avenue
CC,84358967,Shepherd,Wooster,4729452866,734 Superior Alley
CE,84629702,Oralee,Gascoine,5205549990,3 Old Gate Crossing
PP,86329646,Leilah,Cowle,3267284650,594 Cherokee Junction
CE,37214829,Kial,Nettles,8606843968,91957 Kim Avenue
PP,13278592,Maynord,Bertouloume,3214814028,4611 Lyons Point
CC,65693994,Cherin,Tumbridge,6199428701,1 Rigney Point
CE,42988200,Keven,Heugel,2437237658,91317 Upham Lane
TI,18800312,Abner,Stevens,2536165953,253 Springview Crossing
CE,57551662,Abbie,Melody,3339229971,2 Ronald Regan Park
PP,30854165,Tressa,Drayson,2316573964,47 Raven Terrace
CE,81133638,Janice,Toppes,7207565530,34696 Cambridge Pass
CE,69473457,Rowen,Flay,1627856722,6 Express Drive
CC,83322883,Ortensia,Worrill,3473954410,6 Chinook Alley
CE,98946782,Perry,Lampart,4169842220,15317 Gina Way
CC,87113971,Flynn,Braysher,7344027558,2 Clemons Avenue
CE,20600863,Val,Mibourne,8876413353,1 Dawn Hill
PP,66813547,Barnard,Rummins,2036827833,1791 Sugar Park
PP,52097557,Nathalie,Angless,8058517217,87 Vermont Hill
CC,39404482,Agnella,Saunton,2161958229,72333 Carioca Park
CE,60351626,Hailee,Tidgewell,1475199952,04256 Fremont Park
TI,96142737,Garrik,Volk,2494248896,178 Northland Junction
TI,74080139,Stefan,Gilbeart,4139574770,1982 Loomis Crossing
CE,11246242,Silas,MacAindreis,6751306007,57888 Bay Avenue
CE,93276388,Allan,Garvie,9579709554,4 Jenifer Center
CC,23283103,Lemmy,Denney,5311935536,447 Merrick Drive
PP,72985631,Ruth,Swanton,4839168124,0098 Stoughton Avenue
TI,91721694,Freedman,Waring,8843176190,02 Nobel Park
CC,99309855,Suellen,Guisby,3269145855,4330 Bashford Place
TI,47824644,Anastassia,De Micoli,4715738944,4 Loeprich Drive
CE,94584757,Ari,Toler,7198848343,19 Hooker Parkway
PP,97333912,Michelina,Cleugher,6026596964,4 Stang Lane
CC,26775127,Evy,McQuilkin,8613836708,220 Mandrake Way
TI,99037521,Poul,Mc Caghan,5169646659,35 Graedel Center
PP,48444442,Nadean,Nutbeem,7647584161,02 Chinook Junction
CC,47474105,Raphaela,Tebbet,3249388349,616 Tony Trail
PP,11871570,Jocelyn,Brittoner,2409794891,336 Scofield Trail
TI,90686617,Linet,Quibell,6545791292,0 Atwood Point
CC,15875924,Maridel,Pummery,2658827665,6475 Hoffman Parkway
TI,66819449,Madelin,Gittins,4561347840,31 Sugar Avenue
CC,22253618,Hershel,Heathcott,3196111716,62 Grayhawk Parkway
PP,56507690,Doloritas,Grinter,6724463881,8496 Debra Lane
CC,43657880,Dorian,Mathwin,6627022494,83 Stang Hill
CC,34924863,Gratiana,Gadault,9505259543,5162 Atwood Pass
CC,72408496,Darn,McGeever,4208685434,834 Buhler Park
CE,45852076,Rosmunda,Daventry,9233835571,91 Green Terrace
CE,71941625,Phedra,Horwell,8778697567,4267 Milwaukee Avenue
CC,10725865,Kennith,Lancastle,6743457705,65 Bellgrove Center
TI,21271433,Carver,Benkhe,7106046828,2357 Miller Pass
PP,91864957,Clyde,Marcoolyn,8732265361,421 Upham Hill
CE,60273308,Inger,Metzig,9924597800,76628 Village Green Way
CE,86717950,Neville,Paggitt,6229433751,1 Lakeland Way
TI,47484662,Danni,Skottle,1387718533,95 Fisk Lane
TI,36454250,Pepillo,Fitzsimmons,5437493486,891 Dennis Park
CE,11739198,Willi,Magill,4438520739,27 Cody Crossing
PP,18659129,Raven,Spinige,4025133815,20472 Menomonie Place
TI,28425617,Isador,Legge,8591551548,880 Onsgard Street
PP,66091151,Phyllys,Guilloux,4722234355,5510 Shasta Street
CE,48394174,Clareta,Audas,2587263225,9594 Golf Course Parkway
PP,97832397,Bobbette,Dibbe,6424329307,661 Muir Road
CC,26565746,Robb,Hanington,1225071867,53 6th Lane
CC,38810044,Karilynn,Tofanelli,7451366803,8676 Warrior Way
TI,27764814,Alma,Baniard,2106257650,08834 Lukken Avenue
TI,16341878,Terrel,Edginton,5929592591,03870 Reinke Park
PP,88127148,Marguerite,Radleigh,3809077384,970 Ramsey Junction
PP,20352909,Winslow,Shearston,2001959429,270 Pine View Plaza
PP,17348237,Agathe,Wozencroft,2124413963,50 Mcguire Crossing
CE,18790843,Raphael,Feron,5592910839,232 Division Trail
CE,98861683,Neilla,Wayvill,7659381319,0 West Pass
TI,95480433,Steven,Wild,8452881106,363 Spohn Way
PP,77012848,Micaela,Minerdo,3235190992,0270 Jay Point
PP,93178675,Hedwig,Aven,7423690696,2052 Hazelcrest Way
CC,72526880,Eudora,Beloe,6585857796,015 Ramsey Center
CC,98181575,Shanna,McMeyler,4745498900,9988 Sutherland Circle
PP,57326735,Sonja,Baythrop,7594026820,372 4th Way
TI,44468249,Pincas,Scrowby,6903746917,520 Main Point
CC,54762236,Lisette,Cragoe,7681786324,40 Hovde Crossing
CC,84497259,Tommie,Levett,3706609341,6 Monument Crossing
CE,78343282,Dicky,Ruggen,8603945833,85136 Garrison Hill
PP,59121023,Aidan,Van Halen,1838148959,02 Ramsey Avenue
TI,50147855,Matilda,Joselovitch,6353880891,66 Garrison Pass
CC,40661990,Timi,Shoebottom,2634766890,99 Pankratz Circle
PP,67537555,Merl,Synke,6872856047,732 Algoma Parkway
TI,11750748,Nadine,Dimmack,4977498994,28 Dryden Circle
TI,37815007,Miquela,Baselli,5274012281,1961 Main Place
CC,59640453,Alecia,Cotillard,3426698508,731 Monica Junction
TI,59186001,Elenore,Wingar,9169941929,72 Maryland Plaza
PP,22965013,Katalin,Marcinkowski,6456988368,8186 Upham Road
CE,91306600,Henrieta,Lamboll,4413694014,637 1st Crossing
CC,70554302,Stavro,Crann,4232024769,0 Farmco Place
TI,53586722,Lettie,Sutch,6578166683,5080 Pennsylvania Road
CC,20234397,Aretha,Kos,4111746626,97509 Troy Court
CE,10257821,Kelbee,Tiffin,1845356687,8027 Butterfield Plaza
CE,40488497,Thane,McNeillie,2351150975,026 Vera Alley
CE,40204704,Gideon,Gomez,1945979268,856 Brickson Park Avenue
CC,67457729,Chrisse,Trusler,3463633722,71644 Mockingbird Plaza
CE,80472620,Teresina,Wimes,7754565393,1295 Spohn Park
PP,36292057,Wyndham,Picott,9933170558,2816 Montana Avenue
PP,13849504,Gloriane,Ewer,3515653140,528 Algoma Way
PP,26181210,Modestine,Wyne,2725601467,975 Superior Terrace
CC,79427986,Auroora,Ranahan,9344804315,184 Quincy Pass
TI,67171289,Sammy,Behrendsen,2704746220,1895 Hallows Drive
TI,90393194,Elie,Twizell,8995361030,81 Welch Court
CC,18908282,Bart,Feldmus,8495025817,823 Shasta Drive
TI,86025768,William,McCaffery,9238512515,1770 Leroy Alley
PP,76533114,Xenos,Whitchurch,5918537977,23 Burning Wood Drive
PP,38844012,Padraic,McGowing,1476171776,872 Granby Way
TI,43801142,Milena,Nobbs,9714673841,243 Hoard Alley
CE,41075426,Brittaney,Goddman,4535771105,36307 Gale Junction
CC,61566897,Dora,Braizier,1269255142,6187 Monterey Lane
PP,52257825,Rebeca,Hazeldene,3745109134,15 Warner Circle
TI,44265831,Bobette,Tuma,6788536148,61 Roxbury Street
TI,48507449,Mikkel,Letessier,4183112257,436 Independence Road
TI,27406444,Danyelle,Dutton,5855163583,2670 Mayfield Alley
CC,27465225,Dory,Pleaden,3891314482,7598 Corry Lane
CE,77525962,Vanessa,Benez,1709706470,08 Nobel Circle
CC,23988905,Paulo,Reeders,7818712510,6 Magdeline Center
CE,32587105,Tirrell,Goodinson,3262119770,7 Luster Center
CE,12398369,Klaus,Duthie,1193094751,7818 Mccormick Junction
TI,85897249,Loralee,Wallice,7101986427,34587 Huxley Park
CE,82541846,Mead,Meharg,7986238620,36 Transport Drive
CE,78799330,Aindrea,Copp,6964628463,5 Sage Terrace
PP,19725418,Maureene,Pennings,5853515134,327 Eagan Point
CC,18105384,Caprice,McErlaine,7047564343,1 Banding Crossing
CC,25944182,Anna-diane,Teek,6976716078,18442 Waxwing Lane
CC,52827816,Flemming,Sneyd,7877247866,5267 Dakota Lane
CC,40160650,Joela,Sheards,5548034112,90 Sunbrook Road
PP,63883936,Merrill,Walsh,1782767198,4 Burning Wood Street
TI,97101982,Raimundo,Dubois,7293954049,43 Hudson Pass
CE,66818986,Meta,Nock,7285007445,086 Ridgeview Park
PP,88664238,Nola,Cowans,7534489891,41 Mcguire Alley
PP,16582169,Fransisco,Tattam,2588728451,03805 Fulton Road
TI,10979139,Erick,Kilfedder,1728621522,5269 6th Avenue
CE,43153907,Rowena,Le Barr,1428719265,91114 Carberry Pass
CE,91342215,Reba,Biswell,2793634330,1 Portage Place
CE,41824712,Virginia,Micka,3792523468,80 Maywood Road
CE,37657051,Kevon,Shields,5195730052,3 Springview Avenue
CC,23678491,Michele,Timmes,2098769362,15 Springs Parkway
TI,56483715,Jena,Sergant,7171631081,602 Westport Pass
PP,42223065,Sherman,Dawes,2727574636,3886 Merrick Circle
CC,58807508,Jed,Delbergue,2959051580,6 Westport Terrace
TI,22391915,Andra,McClory,6363915731,3 Erie Center
PP,10692335,Donni,McLese,3687438806,13 Hooker Alley
CC,64318401,Kristal,Wyche,5581461946,5 Lighthouse Bay Terrace
PP,27041367,Elsey,Gaskamp,1143274249,5 Corben Lane
PP,83498354,Erminie,Messingham,6699536281,543 Weeping Birch Terrace
CE,82065579,Celesta,Feckey,4582723950,739 Pond Street
CE,92203780,Phebe,Croyser,5628877745,8831 Pawling Point
CE,81030272,Eugenie,Byng,8194608271,88938 Surrey Pass
TI,29695318,Barbara,Hincham,3857561941,61 Basil Way
CE,46225878,Norean,Judkins,7672061136,124 High Crossing Drive
CC,96477518,Bonnie,Coen,7347543513,20 Reinke Street
CC,78414958,Gracia,Cane,1532085180,4892 Pennsylvania Junction
CC,66010232,Vivienne,Timblett,2317942355,7240 Marcy Drive
TI,46727133,Hal,Crepel,8227379483,165 Gateway Avenue
CE,40090702,Shirlee,Hasney,8525467462,0 Almo Parkway
PP,12852605,Cordie,Baldin,8827152821,06301 Pleasure Avenue
PP,51015421,Manfred,Grayshan,2014571773,79365 Bunker Hill Lane
CE,85060136,Arvy,Cherrison,3806920937,11116 Mayfield Pass
CC,45337754,Christina,Danelet,7637339156,6 Northfield Pass
TI,89153234,Edan,Mence,2762576857,5761 American Ash Plaza
TI,44850362,Jobye,Jeacop,1095496867,4656 Goodland Point
CE,86170585,Marv,Walentynowicz,1482707058,61 Coolidge Terrace
PP,95762567,Nathalie,Heeran,6446837413,35043 Forest Dale Center
TI,36917442,Lee,Genike,1615143064,55 Paget Alley
TI,26147246,Ichabod,Gumme,3119707181,19 Vahlen Avenue
PP,63627535,Kaila,Izod,1959030277,141 Roxbury Avenue
PP,77460814,Farah,Gilbank,5455743271,0 Sachs Pass
TI,70893589,Bordie,Belbin,9077459556,7 Dayton Alley
CC,18822083,Bondy,Layton,6419187439,779 Garrison Lane
CC,73284998,Ave,Dorrins,7913388158,42 Hermina Lane
PP,62975768,Hewe,Stigers,2711643464,112 Hollow Ridge Hill
PP,44055822,Guss,Hammon,4047788590,92 Dwight Drive
CC,84186903,Lind,Wybourne,2865873509,7984 Lunder Street
CC,75987470,Derwin,Grimm,7037469979,25 Dunning Junction
CE,10177623,Barton,Littlewood,6703381395,452 Chinook Center
CC,49953611,Arturo,Howells,9922146797,3 Reindahl Lane
CE,63316259,Gray,Jerisch,6811229282,01 Brentwood Junction
CC,14175226,Tannie,Minchenton,2415307500,9458 Amoth Hill
CE,68044211,Anica,Tresise,9329680908,71736 Haas Place
TI,76400339,Celestine,Nolin,6017201699,4667 Glendale Street
CC,26540999,Lura,Beaument,3879967087,80 Montana Junction
PP,34798185,Fonzie,Pendre,8186261701,81 Truax Center
CC,44479124,Allix,Tilling,8598266195,693 Comanche Alley
PP,59071037,Rolland,Whitmore,3682051991,171 Bartillon Street
CE,95762991,Onida,Makeswell,7652362870,77 Northwestern Court
PP,63821030,Lovell,Slimmon,6767708944,83206 Cody Alley
CE,58973264,Alan,Tretter,7991101129,6 Ludington Parkway
PP,27601874,Rhetta,Gransden,2327486289,9 Hovde Plaza
CC,55204759,Antonina,Trumpeter,2593853594,3058 Farwell Parkway
TI,70392640,Elmore,Rivenzon,9957112846,68295 Tennessee Place
CE,81872478,Andrei,Wessell,3185193345,46332 Fulton Crossing
PP,71286149,Phedra,Pedlar,7754806919,58 Red Cloud Point
TI,82972057,Friedrick,Tiery,9555920685,128 Anhalt Lane
TI,45001626,Dyana,Adlington,7692305334,3 Hoffman Terrace
PP,91659092,Annette,Jouannot,7024957681,085 Scofield Point
CC,14860378,Franky,Tollerton,5077929630,50235 West Plaza
CE,57827011,Andris,Cater,1411282784,51 Sycamore Avenue
TI,40571994,Tallie,Kimm,6344841922,69 Graedel Street
CE,69852662,Lowe,Bril,6562516298,4530 Derek Alley
PP,59016758,Nikolai,Free,6138964110,6 Scott Road
PP,33848226,Tris,Naptine,5727530763,60408 Farwell Drive
CE,66846144,Sebastian,Aldrick,5262605701,9 Schiller Hill
CC,48023399,Lizzie,Croutear,8589115949,4 Anzinger Plaza
CE,22116488,Cyndia,Habbeshaw,8258426252,048 Sugar Circle
PP,68882816,Merry,Abbotson,3886843891,9672 Nevada Alley
CC,17334295,Alvina,Holme,2881742807,639 Bowman Place
PP,60048723,Wyatan,Crasford,3784757333,9926 Gulseth Lane
TI,92114675,Katha,Bockh,7362216903,6 Oneill Road
CC,40541765,Aleksandr,Baudic,1178880199,4478 Almo Drive
CC,24048046,Bunni,Coorington,6501530060,374 6th Way
TI,22192081,Bartram,McGahey,8196191594,17 Fremont Drive
CE,20732008,Ethelbert,Loton,7871523126,2 Nobel Center
CC,34138290,Hunter,Gregoratti,9732046308,3635 Golf View Place
TI,77953025,Lexi,Berzin,6041768251,281 Northland Parkway
CE,12072497,Toinette,Fishlee,9165710030,63 Starling Parkway
CE,84050368,Costa,Ballard,1349217929,1 Jenna Avenue
CE,91306016,Matthiew,Reignard,8978558553,8 Northfield Terrace
PP,79324828,Kristoffer,Golden of Ireland,8972403377,13 Monterey Parkway
TI,67356641,Kerby,Bullant,3196977137,6262 Mayfield Street
CE,73048097,Verine,Tiltman,9654165584,2109 North Parkway
CE,90386305,Pieter,McConaghy,9275616179,7 Butternut Terrace
TI,99470777,Jaclyn,Rulf,3348570458,4 Petterle Alley
CC,26945371,Joane,Glassborow,8092496014,77435 Cherokee Junction
CE,67993240,Leopold,McCoish,6028609274,4 Fairfield Court
TI,44514254,Jammie,Merveille,2393029076,94547 Ridgeview Crossing
TI,12039326,Ray,Chetwynd,1954819161,605 Raven Court
PP,30370993,Reinaldos,Di Biagio,7183928937,85 Fallview Alley
CE,48239607,Spenser,Reeson,1149061083,56 Nova Place
CC,45329202,Rafaellle,Berzen,9932559851,93 Crowley Lane
CC,17682604,Adan,Rapaport,5546259119,14897 Bultman Road
CE,14831860,Lalo,Bockett,6159298850,743 Shopko Circle
CE,27807091,Caritta,Battisson,7923403813,4931 Lindbergh Circle
CC,76614269,Monique,Antowski,5767473533,8 Kim Road
CE,30398436,Rogers,Pape,1024835555,43 Tennyson Plaza
PP,92232510,Caron,Stagg,5249966313,40265 Bobwhite Trail
CC,93686576,Elwira,Pearne,1886121267,900 Summit Circle
PP,78512243,Garik,Packer,5041025232,55 Melvin Crossing
CE,17089638,Lombard,Gierke,9217226988,38 Brown Park
PP,90769701,Ailbert,Reisenstein,2612188665,0432 Cardinal Crossing
CE,46515671,Letizia,Channon,5879810324,49052 Bay Point
CE,44522148,Robinetta,Buckam,9228531435,247 Delladonna Parkway
CE,87882535,Jordan,Hrinchishin,9918244096,51603 Monument Way
CE,84674600,Lacie,Pancoust,3332499426,7388 Ridgeview Center
TI,85568588,Devora,Readitt,2541240293,236 Manufacturers Lane
CE,31167078,Augy,Preshous,2084578004,8502 Dawn Parkway
PP,21177883,Kalina,Philbin,5121719772,120 Warbler Park
CC,87486636,Port,De Filippi,2019633890,8822 Donald Terrace
CE,12241020,Nanete,Mawhinney,6426943695,21736 Russell Plaza
CE,69652602,Wandie,Benson,1635098579,70972 Valley Edge Street
PP,18875668,Lira,Mathevet,4596702626,2719 Ryan Street
TI,44112821,Millisent,Gawne,3067368646,24198 Grim Court
CC,79367017,Mirelle,Bulteel,4854722060,75837 Elmside Drive
CC,38037804,Blondy,Summerlie,7671580803,804 Eastlawn Street
PP,23062107,Alaine,Roast,1124758221,57 Dryden Circle
CE,76040915,Sandra,Floyed,7308535482,486 Old Shore Hill
CE,69705598,Thayne,Wilce,4986383921,8809 Springview Crossing
CC,50378184,Merwin,Cuel,6881288632,614 Garrison Crossing
TI,93048347,Rossie,Simunek,2044516154,21707 Duke Street
PP,33822884,Gusty,Bondy,4057714986,0 Tennessee Drive
CC,13024337,Abbye,Peegrem,4495018417,54 Corry Hill
PP,37984075,Brion,Toppes,7362671601,8108 Fremont Hill
CE,29458735,Monique,Aslum,7501247091,39620 Nevada Terrace
PP,75081448,Britte,Songer,8844441174,7 Arkansas Parkway
TI,36601146,Annelise,Pond-Jones,4997655007,0833 Rusk Center
PP,72949464,Carmen,Rattrie,5779510567,00 Northridge Street
PP,99489072,Averyl,Moyler,1174720311,8 Haas Avenue
CC,53480296,Phyllis,Pedrozzi,5874121504,35 Dennis Trail
TI,39295835,Roseline,Weakley,7846764142,0 Swallow Circle
CE,26861698,Shea,Manoelli,9666601259,1 Declaration Point
CC,72052432,Benedetta,Heatly,8928526690,30294 Riverside Lane
PP,81051086,Mira,Bartoli,6792495915,051 8th Place
PP,82364786,Orly,Lawman,4485119806,8283 Debra Road
TI,17656496,Franky,Ricciardo,1483549217,2 Golden Leaf Drive
CC,69843719,Althea,Warrack,1803210330,787 Gulseth Alley
PP,87963051,Dewitt,Chatenier,1583031525,67 Burning Wood Center
CE,81151662,Elvira,Highway,4288795779,2 Heath Plaza
TI,31777561,Barbe,Joseland,9468160856,548 Oak Trail
TI,54603327,Melinde,Bernardeschi,1506468218,4241 Mallard Lane
CE,50501535,Otho,Carluccio,5957276843,14849 Orin Alley
PP,79676028,Doyle,Peres,6432446944,945 Lyons Terrace
CC,29168742,Sybil,Whymark,6896087381,02520 Coleman Center
TI,27864530,Teresita,Bernardinelli,4595287882,336 Village Green Street
CC,60591230,Ferdie,Pleat,7958989007,075 Fordem Lane
CC,82295288,Ave,Milier,4242557811,5 Basil Hill
PP,49623594,Cathy,Bolter,6373939075,1 Springview Center
CC,86615395,Nisse,Jewkes,1409775783,635 Forest Run Plaza
TI,73414181,Shirl,Pizer,7357639022,00 Vidon Terrace
TI,19139349,Kerrie,Figge,5706590640,1435 Forster Plaza
TI,17993255,Alix,Connow,5843246734,550 Bellgrove Point
TI,64074716,Jordana,McKeaney,4975516965,55819 Nobel Park
CC,48800808,Kellina,Perchard,5068462479,44 Dwight Trail
TI,98093007,Stanislaw,Riccio,2166284539,409 Merrick Road
CE,50846606,Joyann,Overshott,4996840570,78 Bluejay Alley
CE,32712405,Avictor,Arnow,5614393909,98 Rigney Terrace
TI,68716697,Gilberta,McVanamy,7967166947,15 Warrior Alley
CC,82110920,Phelia,Cund,4699316866,5 Crownhardt Point
TI,22207535,Bay,Exley,1952810175,39714 Union Trail
PP,75297025,Nicholle,McClenan,4203963636,9 Mitchell Plaza
CC,40985104,Hilde,Blockley,2856415448,80 Redwing Crossing
TI,81864260,Alexandr,Frith,2228547877,257 Novick Drive
TI,63736271,Verna,Bulleyn,8389252468,22 Meadow Ridge Lane
CE,96650758,Jemmy,Andrzej,5898032235,42 Sunbrook Plaza
PP,95591675,Lanni,Stockall,5222573177,38 Sundown Drive
PP,82115084,Ellsworth,Mosey,8426107123,7142 Ohio Place
CE,34483914,Sherill,O'Hern,6114443025,91336 Twin Pines Crossing
CE,49997901,Noland,Tesauro,4044490121,81 Raven Junction
CE,58813145,Nat,Kitchenman,7658537624,42915 Ronald Regan Point
TI,64510054,Yolane,Gownge,7371828201,05607 Walton Alley
CC,21077078,Darryl,Francesconi,7089254790,0460 Marquette Road
TI,70177417,Lodovico,Sreenan,3924378435,323 Aberg Hill
TI,12724178,Karlyn,Dallimare,8692701953,34 Lerdahl Avenue
PP,68553962,Trixi,Vieyra,5315916499,199 Shelley Terrace
TI,90831468,Hillier,Skym,9566313403,7198 Fairview Circle
CE,76797308,Phillis,Aves,3076851178,775 Basil Hill
CE,66279282,Lizzie,Lynn,7585330561,51746 Straubel Lane
CE,42238762,Ernesta,Meads,8859870467,8 Summer Ridge Plaza
TI,63408262,Sallee,Stonham,3615117153,17 Hooker Court
PP,39217863,Remington,Barniss,5667882036,2843 Mcbride Point
TI,60634951,Raffaello,Stanesby,1303559624,37 Lakewood Gardens Park
TI,55972432,Gayla,Amps,9033248453,004 Sage Park
PP,55701852,Windham,Sutherington,3557502046,320 Victoria Road
TI,97619190,Arvy,Trethowan,2251178662,717 Armistice Court
CC,50978095,Olga,Ransley,6142581537,4734 Graedel Center
TI,49039156,Chrissy,Meeking,5496723152,583 New Castle Court
CC,32172992,Zsazsa,Gori,1173318092,40 Melvin Place
TI,75215184,Woodie,Bellerby,7207256519,008 Pepper Wood Alley
PP,26558826,Parker,De Lisle,7674607430,47102 Caliangt Avenue
CC,26644907,Piggy,Henstone,9669784804,473 Lillian Hill
CC,85565980,Adelheid,Deans,2764229953,76 Stoughton Plaza
CE,84650146,Michele,Turfs,2744836142,6967 Continental Crossing
PP,96821959,Natka,Tuttiett,2631239874,5 Canary Trail
CC,43360283,Chester,Shreenan,9599977246,53293 Weeping Birch Circle
PP,25828332,Cindi,Elphinston,1716899668,0654 Forest Center
CE,58978412,Wally,Jackes,8453267166,55 Clove Junction
CE,51349622,Tiphani,Drei,1096141015,0 Fulton Road
TI,82206068,Devinne,Gepheart,9751517353,072 Mayer Plaza
PP,78653606,Gerald,Risom,4327375447,9098 Forest Run Road
TI,55897159,Cecilio,Eggers,8287377609,9 Montana Avenue
CE,34665025,Roi,Golightly,4788984872,413 Ridgeview Pass
TI,68619141,Ange,Vinecombe,9836988407,75567 Continental Circle
TI,82064634,Trey,Eglington,6893744375,1013 Pine View Center
TI,10802133,Clifford,Vibert,4891469357,6 Corry Circle
CE,16621155,Yulma,Ranscomb,9524021242,628 Fulton Hill
CC,89009600,Crin,Schaumaker,5676730827,60867 Glacier Hill Plaza
CE,99434174,Janka,Labusquiere,9596179316,87507 Cascade Center
CC,31836513,Alonso,Barron,3089467549,67 7th Circle
CE,83392421,Roderich,Pidgin,5533280160,98 Stuart Lane
CC,40897327,Clarine,Tilling,6737845193,1 Starling Circle
TI,90452008,Welby,McLelland,7251213391,69 Waxwing Avenue
PP,44850604,Sansone,McKain,9603137458,67768 Heffernan Lane
CE,32968497,Price,Binne,9971060982,188 Ronald Regan Center
PP,36184439,Hugh,Breagan,3778136049,38132 Nevada Pass
PP,55185523,Timmi,Andriolli,1792785541,39 Lighthouse Bay Pass
TI,39960845,Anjanette,Maiden,1023511250,956 Drewry Way
TI,29064879,Delmor,MacNeil,6469912173,96817 Haas Drive
PP,62652027,Joanna,Winchcomb,3183468053,1385 Forest Junction
CC,64018550,Linus,Genders,1483167732,9384 Barby Crossing
TI,81911442,Alie,Inold,8385850555,0544 Coolidge Street
CC,71409824,Wat,Print,8651998595,2 Glacier Hill Trail
CC,59033878,Willdon,Hunnable,3671723884,4 Merrick Pass
TI,18453347,Graig,Jaspar,3531088565,4008 Anniversary Way
TI,69910459,Emilee,Danilin,1759152771,7 Old Shore Pass
PP,19015806,Maurise,Tarquini,6489078932,243 Riverside Trail
CC,31772501,Inna,Gorling,3283549205,16747 Thompson Street
CE,85764410,Chip,Arro,8316613771,3 Meadow Valley Junction
CE,21036605,Estevan,Hair,3931169884,86470 Orin Road
PP,32545936,Abagail,Reboulet,2153226108,41 Gulseth Way
TI,99074145,Randolph,Hukin,3385879898,59692 Novick Hill
TI,99724067,Mano,Tattam,3256624567,8802 Eagan Trail
PP,76168543,Barton,Norssister,3097573475,8295 Vidon Pass
PP,92862454,Stanton,Korneluk,7356544713,25 Mallory Street
CC,14185536,Odelia,Mishaw,2268455297,28024 Porter Street
PP,67805798,Jeramey,Fransinelli,3587699634,3966 Farragut Lane
PP,83593698,Susi,Causon,7315848638,077 Buena Vista Point
CC,55700207,Pieter,Guildford,7621746076,36981 Roth Crossing
CE,86283076,Lisle,Delany,7006461486,44830 Sunnyside Trail
PP,88680202,Corena,Bragge,8162864350,1291 Sundown Parkway
PP,70375068,Dorree,Guiet,7424962932,65700 Rieder Road
TI,15599275,Berna,Arunowicz,1279881882,5708 Merry Pass
PP,57065712,Tyson,Nann,6141568071,090 Leroy Street
CE,65672154,Ted,Speaks,6454456089,43 Bluejay Pass
CE,62137442,Sharleen,Nathan,4019480940,15677 Sachs Parkway
PP,37160622,Erie,Zapatero,5869385059,26165 Ridgeview Hill
TI,97897083,Benyamin,Blaw,9023660603,82 Fair Oaks Place
TI,15980139,Lawton,Halton,7724128054,6 Moland Avenue
PP,50458307,Margaretta,McRill,2538697893,3 Waywood Parkway
TI,77993530,Ruthy,Stienton,6186784619,5 Dunning Circle
CC,19929119,Audy,Manlow,6155152530,5 Ramsey Road
CC,76626675,Petronia,Bernli,6998655201,33 Calypso Avenue
CE,62476738,Merline,Sloyan,2621374429,140 Melvin Way
PP,19206182,Domeniga,Diggens,7072065412,38 Daystar Terrace
CC,25206730,Melisse,Dorbon,4991272282,8281 Union Point
CC,15904268,Dion,Brine,6533689985,2 Main Point
PP,67833195,Ingeberg,Sussans,3422752636,295 Monument Hill
CE,72644530,Sue,Maudlen,1012792475,847 Northland Terrace
TI,64056297,Gareth,Hazelden,5804992956,46 Morning Lane
CC,83065767,Ulrika,Pettendrich,2401970277,3 Sugar Crossing
CC,71142131,Bartolemo,Hammerberger,7195880770,1 Morrow Trail
CE,39589328,Bobbe,Kochel,1448161923,2372 Michigan Road
PP,84303129,Renaud,Langford,8405260925,9912 Morningstar Drive
CC,74124727,Alexandr,Kharchinski,9721516929,5991 Springs Circle
PP,81897454,Veriee,Jzhakov,3097112472,7690 Riverside Crossing
PP,28684581,Muffin,O'Carran,5686171407,697 Hoffman Junction
PP,86385900,Daryn,Donati,8127235518,93 Waywood Hill
PP,58496970,Thaddeus,Emmerson,9814131549,87953 Lawn Point
CC,50793649,Vivia,Haglington,3329480506,453 Spohn Avenue
PP,78652430,Ambrosius,Chicotti,9761988707,039 Manitowish Way
TI,75806520,James,Chastand,9612442434,8362 Dunning Plaza
TI,53929823,Neill,Hinsche,6646138901,5 Havey Way
CC,24836929,Lita,Polycote,5188173123,9437 Canary Point
CC,99803355,Rachele,Somes,5068221542,29346 Paget Point
CC,78933433,Emmey,MacGorley,2904214337,7498 Boyd Alley
CC,68810173,Hailee,Sleeny,6547581413,37 Hoepker Circle
CC,30022282,Bordie,Town,7544351350,56 Forest Center
PP,61172554,Romonda,Mutter,7967579482,2534 Lighthouse Bay Lane
PP,64197117,Mohandis,Ouslem,8703814941,3901 Everett Terrace
CE,55641821,Brod,Shury,5118063990,11 Clyde Gallagher Crossing
PP,81163954,Jacklin,Covely,4032695484,1673 Caliangt Terrace
TI,80952298,Aindrea,Brame,9978209551,571 International Parkway
TI,48964263,Shirline,Oganesian,1897151532,24342 Westerfield Circle
TI,57359755,Chrissy,Matijasevic,6564300980,3 Huxley Trail
CC,76215033,Claybourne,Trousdell,1833405867,395 Forest Run Street
CC,15257634,Brett,Dearnaley,9664814962,074 Express Lane
CE,51710517,Miller,Schimoni,6471513430,96 Hovde Road
PP,66475164,Zaneta,Jordine,3737562035,19 Fremont Center
CC,88441154,Mattias,Haggis,7211280944,7836 Vahlen Place
CC,61140330,Maynard,Hebblewaite,6029063735,77 Blue Bill Park Drive
PP,84777368,Nappie,Shimwall,1205136932,702 Melrose Parkway
CC,29247086,Horst,Orvis,6909614975,226 Monterey Crossing
CE,15052898,Artemus,Carlon,1596948171,0 Vernon Court
TI,89982758,Rozina,Cameron,9156430552,9872 Sycamore Terrace
TI,18308156,Andra,Brydon,7443435604,7179 Calypso Crossing
PP,73434937,Avis,Tuxill,5319528868,1430 Montana Plaza
CE,33915585,Rowan,Sperski,8965908500,3218 Marquette Point
TI,81826324,Devin,Doram,9291276860,34 Cherokee Alley
TI,65535393,Ronda,Willcott,5126411937,87576 Dryden Lane
CE,88878791,Boote,Macieiczyk,3718255162,94834 Carioca Way
PP,72556762,Griff,Poxon,7766497035,7796 Porter Court
CE,14158722,Carolina,Orrum,8312750338,644 Heath Drive
TI,44043543,Jodi,Bresson,4625892256,5825 Heffernan Lane
CE,70965821,Don,Paviour,4931758243,8853 Forest Dale Street
CE,15920082,Ainslie,Tolworthie,3022505070,87 Oak Avenue
TI,95814540,Lindie,Harm,8574489304,587 Rusk Park
TI,29457333,Yance,Battershall,2086594402,86 Crescent Oaks Drive
TI,90505929,Gallard,Rospars,2802563089,862 Marcy Parkway
PP,56272537,Hanson,Whife,5145270927,88971 Northview Alley
CC,88742472,Caesar,Chsteney,6847117911,4411 Duke Circle
CC,91165361,Arnold,Currell,8593290500,8 Westend Point
CC,99127340,Lydia,Baly,6791507344,39142 Green Center
CC,62769695,Licha,Neill,1059997403,28 Lunder Parkway
TI,32623323,Ashlan,Pass,1304017759,70 Pennsylvania Terrace
TI,60178632,Efrem,Langshaw,3508027779,6588 Cottonwood Circle
CE,13167578,Stefania,Tumilty,7448807802,6 Ridgeview Court
CE,16979476,Malinde,Corinton,8146335688,5360 Golf Course Circle
TI,70751627,Roch,Orteaux,1187853034,54 Kedzie Street
TI,48038911,Trent,Whellans,5381085530,29 Bashford Way
CE,74556949,Blane,Bulled,6918320794,9136 Hoffman Pass
CC,72766843,Hughie,Edinborough,8031531043,327 Schmedeman Lane
TI,10972796,Matty,Pavlik,8319490411,26344 Lillian Center
CC,35370946,Clem,Chaffyn,9808530076,8 Menomonie Plaza
TI,25112926,Oliver,McQuillen,6206974877,169 Clemons Road
TI,97053809,Arri,Keems,9413065613,63015 Northport Crossing
PP,85499557,Blondelle,Kenset,2703551072,9528 Forest Run Center
CE,61360284,Roda,Greason,7913206913,37371 Moulton Plaza
TI,55128128,Salvador,Muirhead,9377387098,25 Nobel Way
TI,23516676,Liana,Tyrrell,5953994388,95 Sheridan Park
PP,59288076,Lorenza,Covolini,6531989105,021 Marquette Point
TI,54995384,Tiff,Pearlman,3814579727,3 Toban Lane
PP,41849603,Gibb,Laverack,2057167088,1 Swallow Road
CE,65778864,Belle,Wainwright,8544242205,2 Shoshone Center
CE,61805909,Frannie,Nice,9262838338,56 Starling Parkway
TI,28207714,Nellie,O'Moylane,5481284809,23 Springs Hill
TI,78296701,Teriann,Klesse,5757316879,7 Clove Lane
TI,84624021,Lezley,Sappson,4592133688,067 Pond Point
CC,78212383,Patrice,Coneybeare,6407073549,60933 Evergreen Pass
TI,95855793,Emory,Gainsboro,7852033219,85 Cambridge Avenue
PP,43744699,Asher,Janjusevic,2581868525,1610 Vernon Avenue
CE,41076234,Danita,Topp,6473545805,13 Clarendon Alley
TI,53163929,Jaye,Oki,6103891627,442 Waywood Crossing
PP,75444407,Rory,Vina,4918836939,21651 Acker Plaza
PP,44662385,Elvyn,Butterfield,2736710602,79 Farmco Center
PP,66835244,Stanford,Thormwell,2993447009,6 Kipling Crossing
TI,23396315,Lillian,Piscopiello,7726155669,30210 Anniversary Lane
TI,55809600,Asa,Baudon,5799552433,46 Dennis Hill
CC,78283410,Delphinia,Storre,3219048576,2 Doe Crossing Drive
PP,86967494,Bondon,Sonley,7353136283,6 Dryden Way
CE,80515530,Robinia,Armitage,4542999946,454 Trailsway Center
TI,36275766,Inga,Decourcy,6591494437,860 Hansons Court
CC,69323183,Ramsey,Tomaszkiewicz,5326454370,170 Buell Point
PP,40929354,Fletch,Altree,7941642136,5504 Calypso Point
CC,90783886,Zacharie,Gadeaux,2745335686,95675 Prairie Rose Point
TI,42089244,Angele,Feenan,8348639802,1093 Barby Lane
TI,57363652,Ethan,Depper,6692126672,78229 4th Parkway
CE,18787160,Gregory,Clohisey,5852193076,3088 Morning Alley
TI,84915319,Yvon,Polkinhorn,6248110359,85902 Jana Place
TI,30705194,Stesha,Tirone,4194019047,24 Miller Street
CE,47831065,Rodrick,Loutheane,4662536174,660 5th Street
CE,56980070,Clint,McCaighey,9322267183,2 Bowman Alley
PP,16547587,Valma,Ritmeyer,2031262269,8913 Mifflin Junction
TI,78963277,Melessa,Drage,3619473889,20 Golf Plaza
TI,42406543,Mollie,Venus,5077495212,8 Rieder Crossing
CE,87476486,Kristien,Maasz,3184952014,89 Arizona Court
CC,24055977,Leelah,Greaves,8581081730,809 3rd Hill
TI,80220092,Christian,Greason,1788946076,1 Porter Place
CC,75713882,Lewiss,Croisdall,3481187596,09572 Burning Wood Drive
PP,21572651,Edna,Yellowlea,1836696247,90 Loomis Avenue
PP,67904440,Anna-maria,Satyford,6548540704,577 Dakota Crossing
TI,34465134,Nell,Rojel,4376497233,49 Grayhawk Way
CE,70280242,Ianthe,Riordan,4212526245,1 Havey Court
CC,87725348,Danila,De Cruze,1711284242,75 Cherokee Hill
TI,19247537,Jermaine,Eykel,6519144317,80 Rigney Pass
TI,44691900,Raoul,Ingerfield,7724388968,2 Claremont Center
TI,71247215,Marve,Danhel,7381381692,5579 Larry Way
CC,58209220,Court,Kubasiewicz,4741809959,97467 Sycamore Trail
PP,24328818,Darrelle,Bluck,2862805713,7567 Algoma Avenue
TI,23669468,Ebony,Bruneton,2934133638,76 Maryland Junction
TI,23568779,Leroi,Rochford,7009761471,9 Orin Drive
TI,15005559,Vevay,Jallin,9834812087,986 Summit Center
TI,63506400,Yardley,Coxwell,4617610400,60568 Hooker Point
TI,92860233,Beatrix,Slowley,7124082253,8437 Hollow Ridge Parkway
PP,34584806,Marget,Wager,8088092524,0547 Spohn Circle
CE,45124904,Melody,Melanaphy,2356999450,7 Warner Road
CC,18925115,Kincaid,Dougill,9046408616,6168 Maple Road
CC,82232463,Rochester,Varley,7705797923,5 Bluejay Terrace
CC,81022620,Trisha,Clorley,3811557744,47 Brickson Park Street
TI,47330580,Gearalt,Bromwich,6448651554,63 Coleman Point
CE,82221757,Zollie,Ridolfi,9186740876,3843 Debs Center
TI,14258718,Angelia,Linkleter,7846091735,5517 Ilene Park
TI,53844060,Lily,Cannaway,9808934396,399 Hayes Drive
TI,26088717,Stirling,Birdwhistell,6933601243,18 Northview Center
PP,89580267,Erinn,Vickars,9447889667,38 Burrows Trail
CC,52760384,Betteann,McKeurtan,4419038642,6 Bashford Road
CE,61900069,Halley,Wegener,9393982209,57 Corry Place
CC,82987217,Cobb,Place,9459599851,0 Shopko Hill
TI,75816366,Valaree,Mallock,7695404743,74298 Thackeray Park
TI,14483333,Kacie,Beagin,8571764464,08809 Nancy Pass
CE,36982426,Tricia,Alliker,7002282691,2547 Badeau Avenue
CC,32748336,Alano,Normanville,2529240564,186 Judy Terrace
TI,55423462,Ezequiel,Bing,8344876092,46999 Sycamore Park
PP,53535362,Koral,Lade,1417402543,6 Northland Street
PP,58940820,Michaela,Camplin,2102355809,239 Orin Hill
PP,16187599,Lindi,Aust,5873115870,16 Sachtjen Circle
PP,67541347,Tonnie,Yeabsley,2338418642,59703 Sommers Drive
CC,51174165,Ange,Dorey,3011733589,33940 Atwood Terrace
TI,35357891,Bennett,Pickwell,5262236545,702 Roth Pass
PP,93907829,Janenna,Wakelam,5167453160,8460 Victoria Plaza
TI,45645986,Milo,Gretham,7118280032,990 Corscot Alley
CE,59122972,Ingrid,Stanyland,1348006862,162 Ridgeway Center
CE,95683079,Mirabelle,Forder,8809580295,0 Continental Terrace
PP,29879342,Katya,Jouannot,5628129244,5 Bowman Parkway
TI,95814041,Ivan,Caselli,9159002572,87013 Kensington Lane
CC,56911786,Kata,Farrah,5615874076,1 Merrick Hill
CE,45644949,Clayborne,Southard,7803238787,004 Darwin Circle
CE,14771471,Osbourne,Jerche,8933390393,7849 Warrior Plaza
CE,58712277,Alanson,Tamburo,8929550619,1 Victoria Terrace
CC,89932124,Tanney,Maskew,7048172994,3205 Hayes Court
CE,95449055,Micheline,Clewlowe,3812169062,1491 Texas Point
CC,85544873,Chance,Itshak,3836390670,16293 Mifflin Junction
CC,34688330,Stanfield,Bartlet,1079598777,7 Lillian Junction
CC,26680259,Eadith,Pretti,8127921598,45 Golf Avenue
TI,68357082,Dorice,Habbershon,9296217215,76 Lillian Junction
CC,52823669,Vaughn,Dignan,3141636096,26915 Jenna Alley
CC,75114972,Alasteir,Denman,2699394829,771 Eggendart Plaza
CC,35831504,Ave,Whiffen,4158342084,14 Pond Trail
CC,23492027,Bride,Prophet,5111493704,5 Ridgeview Center
PP,95472560,Cortie,Doore,4527585285,796 Kinsman Trail
PP,37184953,Celinka,Buttery,3728813367,98903 Kennedy Center
PP,78967106,Cull,Blackey,3619818015,9336 Reindahl Plaza
TI,66600093,Jyoti,Castrillo,1667411164,7484 Dennis Center
CE,58909311,Blondie,Gostridge,3414147762,446 Melrose Plaza
TI,40625704,Gwenny,Hornung,8986225780,38947 Starling Court
PP,23107961,Marcelo,Burgin,7049669859,00 Park Meadow Center
PP,23032637,Jeffy,Brind,2746242116,4258 Trailsway Court
CC,43774990,Dimitri,Binks,6477815587,917 Arkansas Center
CE,45041651,Cherilyn,Greatbank,4771197672,91245 Mallard Place
TI,96520621,Kendell,Pringuer,8971193515,8528 Steensland Junction
CE,14469584,Jed,Spinas,9832288692,80 Carberry Alley
CC,45752551,Frankie,Jumont,4699972347,91622 Saint Paul Point
TI,35970869,Carole,Cristou,2459272177,719 Transport Drive
TI,97480179,Willard,Dannatt,6719887957,5 South Parkway
TI,17033693,Anatol,Hurdis,5595505060,182 Rutledge Street
CE,14842276,Ysabel,Fullard,4278283575,268 Logan Avenue
CC,22888786,Isaac,Hebard,1404221763,8582 Thompson Way
TI,13110051,Hube,Brogioni,6165278066,66868 Melrose Place
CC,36420396,Tristan,Sibbet,6762598846,254 John Wall Plaza
CC,77067432,Kittie,Moyser,8085735456,90310 Continental Plaza
TI,27692472,Reamonn,Haruard,3603844874,2405 Stoughton Junction
CC,99014088,Marjie,Gero,5312472418,729 Butternut Junction
CC,53645517,Tiebout,Bumpus,5639710105,4 Pepper Wood Circle
TI,41481668,Adriane,Banton,2825671404,5 Mitchell Hill
CE,44873908,Cathleen,Collard,3423773689,2 Anderson Street
CC,21551749,Silvano,Trudgian,8843092127,3 Dayton Drive
PP,89873326,Wilden,Greger,7841655629,5209 Amoth Junction
TI,44608552,Langsdon,Berney,8643223955,9388 Bay Way
CE,14687469,Donavon,Nealon,9569215041,02 Emmet Point
CE,71994054,Alonzo,Dike,2484263925,71304 Wayridge Junction
CE,65718567,Ambrosius,Appleyard,2505624486,23 Pine View Hill
PP,18721367,Inglis,Wissby,9286406538,5 Oneill Terrace
TI,91914763,Forrest,Isles,3442916817,839 Lindbergh Junction
CE,75817337,Roana,Merwe,4496440007,80901 Becker Parkway
TI,22067295,Adah,Congreve,8355690147,31643 Shopko Circle
TI,24429355,Bevan,Shaw,8997317542,9370 Utah Parkway
CE,24968179,Dosi,Watt,8267587086,291 Rockefeller Terrace
CE,51540230,Ashleigh,Botterman,7612939176,36709 Sugar Road
PP,18718826,Tadeas,Favey,3286151919,457 Gulseth Drive
CC,83252865,Joeann,Dayly,3872965920,8 Manufacturers Place
TI,53035315,Isabeau,Crook,2054695982,2622 Bluestem Avenue
PP,19228618,Dietrich,Faunt,1982780714,2623 Dahle Point
PP,10354199,Concordia,Wandrack,3042333678,500 Dwight Parkway
TI,17681374,Jania,Wabe,8594347048,5147 Elmside Park
TI,99425915,Lianna,Winsper,8505591408,85 Crownhardt Lane
TI,40444992,Mathe,Coulter,8264250674,89 Schmedeman Place
PP,63306885,Shanna,Chomley,2876902429,49175 Trailsway Point
CE,89722901,Happy,Trethowan,7358598745,94 Muir Alley
CC,55104915,Durante,Willerstone,6178351372,324 Ridgeway Point
TI,70237825,Carry,Winborn,6598368261,81055 Blackbird Point
CC,27795278,Twila,Domeny,5958402012,919 Emmet Court
CE,73552814,Herschel,Wollaston,2406820043,51263 Bartillon Parkway
TI,48209093,Arvie,Lambot,8453756609,3483 David Trail
PP,66139599,Nickolas,Pasterfield,8524000079,34888 Eagle Crest Point
TI,71545686,Sergei,Dooher,4919831782,00244 Fisk Court
PP,66562586,Ethan,Swinden,9855585927,2 Loftsgordon Point
CE,99213478,Bee,Volkers,4547322533,15186 Farragut Trail
CC,56104410,Dniren,Hindes,6412343061,0 Buhler Pass
CC,91101011,Che,Sweating,2589233638,24947 Waubesa Crossing
CE,97807566,Clarance,Craigmyle,4875315106,2 Washington Road
PP,68005291,Avie,Tuxsell,3041153836,04 Lake View Place
CE,15135783,Agna,Victory,2456535879,56934 Gale Center
CE,20311239,Cleveland,Normant,9659524013,6430 Mendota Hill
PP,36803323,Rolf,Chittleburgh,6002923693,49 Monica Circle
CC,91589942,Nicolas,Lehenmann,1523240692,35630 Lindbergh Drive
CE,22829283,Emmy,Spawell,5204947259,2176 Kipling Hill
CC,97146399,Lombard,Grewer,5993719929,03541 Brentwood Alley
PP,92160207,Brooks,Treacy,2309182241,42 Mendota Plaza
PP,67643208,Franciska,Cescot,8053069259,2829 Fairview Drive
CE,80747205,Alisander,Reith,6146644171,3 Moland Center
PP,71899411,Erskine,Testro,3232042149,191 Russell Junction
CE,38565173,Ingelbert,Habishaw,4785745948,03307 Anthes Street
TI,73173849,Adrea,Martinson,5591238651,2 Eagan Drive
PP,90512668,Gerome,Bussons,6335421799,557 Coleman Park
TI,59231392,Meyer,Mathet,9887970755,716 Hauk Parkway
PP,45272541,Hill,Thomen,6828115006,261 Grover Court
CC,89180219,Ruddy,Esp,3201554371,23 Sommers Drive
CE,56781993,Ranique,Passey,7715508697,296 Jay Court
CC,67002100,Sella,Wingeatt,5529379080,9832 Bluejay Hill
CE,34985064,Melosa,O'Kennedy,1401913172,58784 Farwell Parkway
PP,74838404,Boniface,Arnald,9041681542,15720 Manley Junction
PP,69723690,Tiphanie,Chaunce,8103424376,3882 Sauthoff Court
CE,76899179,Emmott,Lawland,7713906336,023 Ridgeview Junction
PP,74185536,Renelle,Blakebrough,9443570063,3 Troy Terrace
CE,86231596,Alicia,Ivanov,6895412508,492 Mosinee Road
CC,96600576,Farr,Rosenvasser,1666164806,805 Lighthouse Bay Circle
PP,95575737,Ario,Haseman,2343549152,54 Jenna Alley
PP,42952833,Eleni,Hudd,1945014530,496 Kipling Alley
PP,59095420,Alvina,Tofful,8734390140,96 Elka Street
TI,42090395,Anestassia,Waddilow,7029975055,69234 Waywood Place
TI,86158155,Stephan,Brown,1355596581,65 John Wall Place
TI,67963034,Elia,Humm,5006104159,3 Fieldstone Avenue
CE,92504967,Amalle,Milvarnie,2523322739,0 Division Lane
CE,84840349,Ethelda,McCutcheon,1877414943,88 Golf Course Hill
CE,53719856,Diann,Bruno,6182348865,3 Shelley Crossing
PP,12873778,Marcie,Hutchins,9969952276,439 Pond Park
TI,30554046,Elmo,Windeatt,9977847060,834 Morning Terrace
CC,31990136,Floria,Bum,5623641447,44710 Tennessee Street
TI,14197411,Anthea,Gatlin,1908677540,65652 Moland Alley
TI,78598588,Lizzie,Sommerly,7433429857,9342 Carey Alley
PP,58034777,Jobyna,Harrowell,8459329535,9 Calypso Street
PP,48504352,Ker,Dearl,9945741956,37974 Summit Trail
TI,33683713,Bink,Tremathick,8742881647,92569 Orin Place
TI,30288672,Eba,Wethey,2216704032,9961 Badeau Plaza
CE,46851800,Lilly,Blunsum,7934112595,0646 Spaight Place
CE,99693813,Dita,Eustace,9029508463,82 Cordelia Parkway
TI,67590222,Karyl,Petyankin,9456243851,6 Rusk Way
PP,62713025,Maxwell,Ick,1287211885,802 Hauk Drive
CC,17601010,Minnnie,Pedel,2907054550,2013 Springview Park
PP,40239972,Pepi,Desseine,2528234452,894 Bayside Terrace
CE,83492011,Dalli,Adlam,8118798104,45661 3rd Road
CC,55282470,Gussy,Calf,5627071054,43 Mayfield Street
PP,15748265,Benedicto,Bernier,4981114579,576 Maple Pass
PP,19601550,Rhoda,Wycherley,8494801977,3866 Darwin Parkway
PP,28819462,Friedrick,Effnert,5825730717,43215 Artisan Avenue
CC,75223030,Twila,Ricketts,4844163303,07205 Jay Place
CE,39908732,Yasmeen,Grassin,1547950191,32 Tomscot Center
CE,42668938,Carver,Straine,6011872301,92 Killdeer Pass
CE,78610566,Katherina,Ovitts,6614733437,07 Kingsford Court
CE,43079337,Candis,Alans,6253652133,350 Lakewood Gardens Alley
TI,31024933,Witty,Boddington,1665423563,14453 Randy Way
CE,60898871,Jud,Adiscot,2256364795,74080 Schmedeman Road
TI,73056646,Skye,Palle,3474140232,63159 Lerdahl Circle
CE,62808318,Wenonah,Antonio,6826310670,7153 Sutteridge Point
PP,70344546,Dorothy,Wellum,1151053105,4651 Dorton Way
TI,61783158,Chicky,Rickhuss,9009127451,71 Division Avenue
CE,41669686,Alden,Pine,6362531421,8 Heffernan Circle
CE,62983076,Ethelind,Chirm,5552310470,3 Ramsey Center
TI,19617762,Floris,Gueinn,8545497124,296 Mockingbird Pass
CE,54894920,Tammy,Trouel,1844525424,2965 Prairie Rose Plaza
TI,60801897,Benedict,Springett,1501129497,7482 Luster Lane
TI,59309039,Travis,Bahde,1105509696,6796 Lien Park
CE,32360910,Garek,Bedham,2864614463,878 Bay Plaza
CE,59117630,Anselma,Farrer,9009323735,40 Corry Crossing
CE,29153150,Kent,Tinner,7978114510,107 Service Circle
PP,17286682,Osgood,Fingleton,3749067692,13 Tony Avenue
PP,77012224,Hettie,Ivoshin,1076519392,541 Clyde Gallagher Center
TI,92647708,Mufi,Gligori,3068743887,02 Forster Pass
CC,64602745,Willis,Darycott,8111196896,1662 Charing Cross Center
CE,41890541,Karine,Lasselle,8275124688,7 Logan Place
TI,97172618,Kesley,Sturman,9085161302,26 Canary Park
PP,16713707,Kaile,Adiscot,2254782013,998 Pond Center
CE,62478625,Allys,Gonzalez,4734756699,02499 Blackbird Plaza
PP,16245223,Darleen,Ravenscraft,2091213466,86631 Acker Center
CC,38100939,Wilona,Greated,6104668282,4 Onsgard Way
CC,14943378,Brannon,Copeland,1856901930,4 Loeprich Junction
TI,63945740,Arlie,Grigsby,8609310766,7784 Hintze Point
CC,35653058,Bryn,Tunnadine,6765753724,094 Lindbergh Circle
PP,44087303,Norrie,Carleton,4218246254,1782 Mcbride Trail
CE,80264192,Avram,De Ruel,2913080729,203 Express Place
CC,15829090,Cathrin,Witson,3213648464,55 Gateway Plaza
CC,51992715,Orin,McKellen,5598983685,118 Anthes Place
CC,64808600,Augy,O'Collopy,4889050079,0594 Garrison Court
TI,12056601,Ritchie,Roja,7832774876,18 Loomis Street
CE,72834671,Eal,Reddin,9527316454,579 Mosinee Crossing
PP,67105770,Othilie,Abbado,6055066058,6906 Fordem Center
CC,35405138,William,Veque,1445542334,171 Dayton Park
TI,46394030,Augustine,Gilffilland,4137989862,51494 Lien Drive
PP,96188994,Judy,Rannigan,5697748513,7 Sycamore Pass
TI,18867749,Clarie,Tolley,5991742290,83014 Anhalt Terrace
CE,75578248,Gregg,Rolfi,9642371953,4188 Sunbrook Junction
PP,14827922,Romy,Tatlow,7348605209,88660 Fulton Terrace
PP,45630190,Mufinella,Worms,4167076497,1 Rowland Circle
CE,93319207,Ivette,Clarycott,7426401058,1 Sundown Plaza
CC,17584311,Sutherlan,Lipman,4108579971,012 Roxbury Plaza
CE,93047706,Chrysler,Ducket,9845932101,7 Linden Hill
CE,22558688,Emmalynn,Dutnell,1369996114,764 Dryden Alley
CC,40152815,Silvie,MacKenzie,9866167827,05 Judy Trail
TI,59718346,Bartie,Amori,8353340396,736 Vahlen Junction
PP,14024882,Joaquin,Arnefield,2424757458,7 Corry Place
CE,96392871,Geno,Bello,8706060905,96 Maywood Hill
PP,87674027,Claudelle,Dacres,5995085842,50277 Lighthouse Bay Plaza
TI,50749689,Patin,Edison,7173968218,35862 Mallory Plaza
