name,product_description,price,NIT
Salt - Seasoned,Product Description,38.26,614068230
Pears - Bosc,Product Description,9.83,318711510
Nantucket Apple Juice,Product Description,46.44,247684261
Chervil - Fresh,Product Description,0.84,759953796
"Nut - Pine Nuts, Whole",Product Description,36.72,995338887
Rice - Aborio,Product Description,17.56,495481784
Tea - Lemon Scented,Product Description,36.64,934593082
Bacardi Raspberry,Product Description,3.01,600290355
Onions Granulated,Product Description,21.08,381156941
Sauce - Mint,Product Description,24.98,346048337
Southern Comfort,Product Description,27.58,775543008
Lettuce - Treviso,Product Description,19.36,181460795
Daves Island Stinger,Product Description,22.34,962767498
Potatoes - Idaho 100 Count,Product Description,9.37,301773460
Cake - French Pear Tart,Product Description,32.29,236209466
"Shrimp - 21/25, Peel And Deviened",Product Description,32.04,686415888
Soup V8 Roasted Red Pepper,Product Description,0.07,853864770
Compound - Raspberry,Product Description,34.96,917233469
Chambord Royal,Product Description,45.69,114543386
Graham Cracker Mix,Product Description,17.62,460900231
Halibut - Steaks,Product Description,22.71,425127985
"Veal - Round, Eye Of",Product Description,14.81,141491872
Bagelers - Cinn / Brown,Product Description,3.80,917538505
Appetizer - Veg Assortment,Product Description,37.64,556963446
Towel Dispenser,Product Description,25.31,831710080
"Coconut - Shredded, Unsweet",Product Description,38.15,421276044
Tequila - Sauza Silver,Product Description,4.62,517756176
Sugar - White Packet,Product Description,16.46,421768812
Ecolab - Lime - A - Way 4/4 L,Product Description,19.65,657670775
"Pasta - Penne, Rigate, Dry",Product Description,41.37,737561731
V8 - Berry Blend,Product Description,18.13,490754440
Mushroom - White Button,Product Description,24.86,904902195
Muffin Mix - Morning Glory,Product Description,22.46,382672021
Lettuce - Escarole,Product Description,41.48,210687826
Wine - Fume Blanc Fetzer,Product Description,43.02,700981529
Cheese - Provolone,Product Description,19.97,659966487
Oil - Hazelnut,Product Description,18.44,355816443
Cleaner - Bleach,Product Description,44.24,654900457
Swiss Chard - Red,Product Description,16.83,306797489
Contreau,Product Description,10.59,410499654
Beef Striploin Aaa,Product Description,32.52,168484811
Salt - Kosher,Product Description,11.99,430531796
Kiwi Gold Zespri,Product Description,22.80,675353388
Sauce - Rosee,Product Description,33.01,343566003
Beef - Salted,Product Description,23.09,427494767
Parasol Pick Stir Stick,Product Description,35.98,479187344
Bread - White Epi Baguette,Product Description,6.30,204280633
Danishes - Mini Raspberry,Product Description,3.43,731710825
"Rum - Cream, Amarula",Product Description,41.39,270758721
Wine - Penfolds Koonuga Hill,Product Description,2.72,174102103
Cookie Dough - Oatmeal Rasin,Product Description,9.66,729442532
Chocolate Bar - Reese Pieces,Product Description,19.97,685399426
Cinnamon - Ground,Product Description,27.65,688403803
Sausage - Breakfast,Product Description,7.99,398473352
Tomato Paste,Product Description,49.56,595200355
Juice - Orangina,Product Description,12.31,330457088
Potatoes - Peeled,Product Description,12.97,692787369
Hot Chocolate - Individual,Product Description,28.46,609659606
"Shrimp - 16 - 20 Cooked, Peeled",Product Description,38.89,375671928
"Tuna - Canned, Flaked, Light",Product Description,23.39,683013723
Figs,Product Description,20.23,220552712
Duck - Legs,Product Description,45.00,450901254
"Pork - Sausage, Medium",Product Description,8.89,760591262
Cleaner - Pine Sol,Product Description,28.92,711644507
"Chilli Paste, Sambal Oelek",Product Description,37.49,683941453
"Cheese - Brie, Triple Creme",Product Description,30.86,201644039
"Shrimp, Dried, Small / Lb",Product Description,45.65,549945183
Beer - Muskoka Cream Ale,Product Description,4.46,866309421
Lettuce - Boston Bib - Organic,Product Description,6.25,900420152
Swiss Chard - Red,Product Description,39.32,321109268
Sambuca - Ramazzotti,Product Description,30.69,686604401
Wine - Peller Estates Late,Product Description,27.01,591391286
Bread - Olive Dinner Roll,Product Description,3.86,973561372
Wine - Casillero Del Diablo,Product Description,48.15,607148871
Banana Turning,Product Description,6.91,526048526
Evaporated Milk - Skim,Product Description,28.08,622868102
Jicama,Product Description,36.20,589481725
Veal - Ground,Product Description,43.93,860057017
"Gingerale - Schweppes, 355 Ml",Product Description,27.34,812394669
Cactus Pads,Product Description,47.29,569192511
Nectarines,Product Description,43.82,399338683
Wine - Shiraz South Eastern,Product Description,35.71,273444029
Carbonated Water - Wildberry,Product Description,35.99,627888588
"Beef - Rouladin, Sliced",Product Description,13.12,654941123
Chocolate Bar - Oh Henry,Product Description,17.86,254480531
Coffee - Irish Cream,Product Description,48.70,882660788
Flour - Semolina,Product Description,32.17,250671935
Ice Cream Bar - Hageen Daz To,Product Description,32.69,526606046
Tofu - Firm,Product Description,19.41,496317891
Wine - Touraine Azay - Le - Rideau,Product Description,43.98,315380346
"Syrup - Monin, Irish Cream",Product Description,19.62,996616924
Extract - Raspberry,Product Description,42.66,412221303
Pastry - Cheese Baked Scones,Product Description,28.21,444310934
Longos - Burritos,Product Description,32.41,632839025
"Wine - White, Pelee Island",Product Description,31.11,467594778
"Chicken - Base, Ultimate",Product Description,31.76,150135119
Cake - Lemon Chiffon,Product Description,21.10,484493113
"Beef - Ox Tail, Frozen",Product Description,35.79,311136118
Pepper - Cubanelle,Product Description,20.17,195828167
Bagelers,Product Description,3.76,360734413
Shrimp - 100 / 200 Cold Water,Product Description,49.99,107462913
Oil - Olive,Product Description,21.63,702291251
Lumpfish Black,Product Description,32.17,206081251
Squid U5 - Thailand,Product Description,39.36,973929464
Potatoes - Pei 10 Oz,Product Description,42.45,777065579
Oil - Macadamia,Product Description,31.04,885504065
Alize Red Passion,Product Description,13.04,623341978
Goat - Leg,Product Description,42.55,667069516
Beef - Flank Steak,Product Description,16.32,251036673
"Pasta - Fusili, Dry",Product Description,25.45,779997322
Extract - Rum,Product Description,17.76,818876012
Fond - Neutral,Product Description,37.63,651175042
Wine - Rhine Riesling Wolf Blass,Product Description,0.85,901648506
Muffin Mix - Carrot,Product Description,3.75,154884924
"Turkey - Whole, Fresh",Product Description,10.03,576276238
"Doilies - 10, Paper",Product Description,14.86,418739362
"Mushroom - Porcini, Dry",Product Description,42.39,528237730
Tart - Raisin And Pecan,Product Description,29.08,128089401
Bar - Granola Trail Mix Fruit Nut,Product Description,3.32,228413898
Sobe - Liz Blizz,Product Description,6.68,461521339
"Sauce - Bernaise, Mix",Product Description,25.88,245092278
Crackers - Melba Toast,Product Description,9.86,467382458
Coffee Cup 16oz Foam,Product Description,34.88,567931682
Nori Sea Weed,Product Description,9.01,974644615
"Flour - Corn, Fine",Product Description,16.77,542604672
Trout Rainbow Whole,Product Description,10.85,172399790
Wine - Charddonnay Errazuriz,Product Description,29.75,694757811
Melon - Watermelon Yellow,Product Description,14.33,134294872
Beef - Top Sirloin - Aaa,Product Description,7.48,189492774
Bread - English Muffin,Product Description,15.43,237536040
Wine - German Riesling,Product Description,48.26,446410364
"Cheese - Cheddar, Mild",Product Description,47.96,392671240
Fuji Apples,Product Description,2.66,365819873
Table Cloth 62x114 White,Product Description,7.92,974419676
Cookies Almond Hazelnut,Product Description,27.13,588153356
Island Oasis - Cappucino Mix,Product Description,48.85,202424854
Yeast Dry - Fleischman,Product Description,46.45,120607395
Beef - Kobe Striploin,Product Description,9.94,133535866
Crab Brie In Phyllo,Product Description,17.00,860766493
Thyme - Dried,Product Description,40.43,575129054
"Cake Circle, Paprus",Product Description,43.86,620699397
"Wine - White, French Cross",Product Description,31.78,699747966
Wood Chips - Regular,Product Description,8.94,976277504
"Pasta - Lasagna Noodle, Frozen",Product Description,36.60,247059493
Soup - Campbells Pasta Fagioli,Product Description,44.80,267891078
Lid Tray - 12in Dome,Product Description,4.57,960698347
Cheese - La Sauvagine,Product Description,37.00,868328122
Food Colouring - Blue,Product Description,34.71,793507599
Butter - Unsalted,Product Description,10.61,888785661
Milk - Skim,Product Description,32.48,498508695
"Fish - Artic Char, Cold Smoked",Product Description,29.12,190676817
"Red Snapper - Fillet, Skin On",Product Description,18.42,530582032
Wonton Wrappers,Product Description,30.33,381587885
Poppy Seed,Product Description,8.52,411254037
Ecolab Digiclean Mild Fm,Product Description,33.97,759841797
Milk - Chocolate 500ml,Product Description,47.29,964159108
Lettuce - Spring Mix,Product Description,48.50,166036494
Salt - Celery,Product Description,36.33,449349226
Truffle Cups Green,Product Description,24.53,286452696
Chocolate - Milk,Product Description,4.91,322983789
Mcguinness - Blue Curacao,Product Description,15.68,611072179
Bacardi Limon,Product Description,4.15,550551369
Syrup - Monin - Granny Smith,Product Description,42.10,399169277
Wine - Rhine Riesling Wolf Blass,Product Description,0.81,481886224
Lotus Root,Product Description,24.17,130901892
Cheese - Parmigiano Reggiano,Product Description,5.12,222257653
Soup Knorr Chili With Beans,Product Description,21.74,603962291
Tandoori Curry Paste,Product Description,44.98,241000093
"Bread - Pullman, Sliced",Product Description,29.64,372768483
Kellogs Cereal In A Cup,Product Description,24.51,727318977
V8 - Berry Blend,Product Description,27.08,489892417
Juice - Lagoon Mango,Product Description,3.11,767021562
Tia Maria,Product Description,17.91,857626734
Wine - Periguita Fonseca,Product Description,30.07,814014846
Wanton Wrap,Product Description,43.15,364895482
Lobster - Cooked,Product Description,15.44,742557743
Cheese - La Sauvagine,Product Description,48.17,346359735
Versatainer Nc - 9388,Product Description,24.97,446714756
Catfish - Fillets,Product Description,20.31,356871154
Sprouts - Alfalfa,Product Description,3.69,339834395
"Mushroom - Trumpet, Dry",Product Description,44.21,671247658
"Pail - 15l White, With Handle",Product Description,0.16,704501878
Apple - Custard,Product Description,11.89,531705904
Frangelico,Product Description,3.84,285381793
Dates,Product Description,30.52,189434125
Wine - Chianti Classico Riserva,Product Description,15.19,551428808
Cake - Cheese Cake 9 Inch,Product Description,45.23,496236339
Soap - Pine Sol Floor Cleaner,Product Description,32.83,323076224
Chicken - Base,Product Description,0.42,303138633
"Cheese - Brie, Triple Creme",Product Description,23.23,774315370
Glaze - Clear,Product Description,14.71,453029235
Veal - Bones,Product Description,37.70,746066444
Cinnamon Rolls,Product Description,37.46,325685459
Vinegar - Champagne,Product Description,34.26,672545632
Tea - English Breakfast,Product Description,10.09,391317718
Spice - Peppercorn Melange,Product Description,37.28,424281339
Pasta - Orecchiette,Product Description,24.29,169630408
Soup - French Can Pea,Product Description,5.42,576660555
Soup - Campbells Asian Noodle,Product Description,45.87,540294380
Veal - Ground,Product Description,30.85,830344775
Tea - Herbal - 6 Asst,Product Description,1.75,882040090
Pastry - Plain Baked Croissant,Product Description,3.87,436223674
Sauce - Mint,Product Description,4.27,486894702
Icecream - Dstk Super Cone,Product Description,16.38,324805359
Chocolate - Chips Compound,Product Description,17.63,325226031
Chinese Foods - Plain Fried Rice,Product Description,4.52,883233190
Pork - Ham Hocks - Smoked,Product Description,16.75,729071849
Burger Veggie,Product Description,44.65,393589695
Wine - Malbec Trapiche Reserve,Product Description,27.04,576319602
Vanilla Beans,Product Description,37.82,589295188
Wine - Maipo Valle Cabernet,Product Description,26.35,905853237
"Pepper - Paprika, Spanish",Product Description,45.54,684825520
Hot Chocolate - Individual,Product Description,44.18,653052270
"Red Snapper - Fresh, Whole",Product Description,28.57,167681334
Beef - Ground Medium,Product Description,43.76,192202205
"Wine - White, Riesling, Henry Of",Product Description,20.29,739167800
Soup Campbells Beef With Veg,Product Description,17.95,526203578
Milk 2% 500 Ml,Product Description,27.87,594187723
Foam Espresso Cup Plain White,Product Description,7.27,740452128
Kiwano,Product Description,6.31,103103259
Ezy Change Mophandle,Product Description,40.72,257104317
Raspberries - Fresh,Product Description,44.11,398240866
Long Island Ice Tea,Product Description,17.67,383733680
Cheese - Asiago,Product Description,21.11,743941862
Muffins - Assorted,Product Description,9.07,604199336
Coffee - Hazelnut Cream,Product Description,35.28,388047260
"Rice Pilaf, Dry,package",Product Description,34.92,614411297
Goat - Whole Cut,Product Description,10.52,682733504
Beef - Salted,Product Description,31.64,593482079
Wine - Fat Bastard Merlot,Product Description,41.99,274819100
Wine - Magnotta - Cab Sauv,Product Description,12.04,444046024
Appetizer - Mango Chevre,Product Description,3.38,364299826
Ham - Cooked Bayonne Tinned,Product Description,45.80,542864451
Filter - Coffee,Product Description,15.24,148289166
"Quail - Whole, Boneless",Product Description,34.12,595990189
Wine - George Duboeuf Rose,Product Description,44.57,882714067
"Cheese - Cheddar, Mild",Product Description,18.88,420176047
"Wine - Cahors Ac 2000, Clos",Product Description,40.68,744658249
Trueblue - Blueberry 12x473ml,Product Description,35.48,124864664
Cake - Mini Potato Pancake,Product Description,31.64,200882144
Syrup - Monin - Blue Curacao,Product Description,15.67,308397381
"Pepper - Black, Crushed",Product Description,38.50,108372430
Pastry - Chocolate Chip Muffin,Product Description,47.69,757638021
"Lemonade - Mandarin, 591 Ml",Product Description,29.94,775407470
"Soup - Canadian Pea, Dry Mix",Product Description,7.42,705810404
Carroway Seed,Product Description,22.63,192225437
Juice Peach Nectar,Product Description,39.95,417635878
Cheese - St. Andre,Product Description,11.58,157915707
Molasses - Fancy,Product Description,7.04,863889160
"Water - Spring Water, 355 Ml",Product Description,47.03,839053334
"Doilies - 10, Paper",Product Description,41.97,324839752
Straw - Regular,Product Description,30.27,228943223
Ice Cream Bar - Rolo Cone,Product Description,3.77,476372531
Beer - Camerons Auburn,Product Description,47.79,154587565
Wine - Ice Wine,Product Description,0.26,702056213
Lettuce - Baby Salad Greens,Product Description,19.35,188409216
Amarula Cream,Product Description,23.15,150435300
Bread - White Epi Baguette,Product Description,1.97,245408301
Eggplant Italian,Product Description,48.24,743903092
Veal - Bones,Product Description,13.19,846882292
Sausage - Liver,Product Description,42.61,166795173
Chocolate Liqueur - Godet White,Product Description,7.69,632958605
Ice Cream - Super Sandwich,Product Description,47.48,831362499
Sloe Gin - Mcguinness,Product Description,30.98,435677728
Tea - Grapefruit Green Tea,Product Description,4.07,989911090
"Rum - Cream, Amarula",Product Description,12.60,513476215
Veal - Eye Of Round,Product Description,0.75,251840942
Beer - Original Organic Lager,Product Description,14.39,589408625
Carbonated Water - Strawberry,Product Description,38.51,365501103
Chinese Foods - Chicken,Product Description,17.22,613457669
"Sauce - Soya, Dark",Product Description,5.15,152477800
Onion Powder,Product Description,25.48,965884764
Puree - Kiwi,Product Description,46.01,818965993
Salt - Sea,Product Description,43.15,663778043
"Pasta - Tortellini, Fresh",Product Description,5.82,117879560
Chocolate - Milk,Product Description,5.95,160573164
Aromat Spice / Seasoning,Product Description,22.67,874980043
Rice Paper,Product Description,25.17,968900361
Chicken - Leg / Back Attach,Product Description,22.56,729493426
Soup - Cream Of Potato / Leek,Product Description,17.02,553165856
Cloves - Ground,Product Description,22.13,839199022
Bagel - Everything,Product Description,18.77,307077360
Wine - Sogrape Mateus Rose,Product Description,20.28,323716142
Chutney Sauce,Product Description,39.72,347674666
"Loaf Pan - 2 Lb, Foil",Product Description,6.12,750833729
Oil - Olive,Product Description,31.87,459352976
Sage Ground Wiberg,Product Description,36.56,160225530
Puree - Mango,Product Description,9.70,825581944
Crackers - Graham,Product Description,7.46,126785467
Yoplait - Strawbrasp Peac,Product Description,41.28,742664665
Soup - Campbells Broccoli,Product Description,42.93,755154918
Milk 2% 500 Ml,Product Description,42.08,492983987
Dasheen,Product Description,2.44,704418894
Ketchup - Tomato,Product Description,25.33,238841013
"Olives - Green, Pitted",Product Description,28.32,278764693
Strawberries,Product Description,49.35,759014978
Vegetable - Base,Product Description,35.33,489804911
Sauerkraut,Product Description,23.22,478102974
Venison - Ground,Product Description,47.41,169007666
Garlic - Peeled,Product Description,25.40,257535374
Boogies,Product Description,16.49,514782118
Food Colouring - Pink,Product Description,9.82,201862762
Compound - Orange,Product Description,18.52,241721702
"Marsala - Sperone, Fine, D.o.c.",Product Description,48.48,355727074
"Water - Mineral, Natural",Product Description,45.43,862366248
Beer - Creemore,Product Description,39.92,672158602
Cheese - Pied De Vents,Product Description,18.30,337676166
Oil - Peanut,Product Description,40.09,932974819
Wine - Montecillo Rioja Crianza,Product Description,48.90,173841980
Apples - Spartan,Product Description,40.93,751355481
Wine - Champagne Brut Veuve,Product Description,36.70,598571090
V8 - Berry Blend,Product Description,6.76,999680874
Crackers - Melba Toast,Product Description,10.71,127674556
Bread - Raisin Walnut Oval,Product Description,45.90,825289032
Initation Crab Meat,Product Description,38.52,746940181
Bagel - Sesame Seed Presliced,Product Description,6.85,484816485
Carbonated Water - Strawberry,Product Description,38.86,102129893
Sword Pick Asst,Product Description,29.44,620844642
"Sparkling Wine - Rose, Freixenet",Product Description,31.28,230083280
Muskox - French Rack,Product Description,34.00,566185226
Buffalo - Short Rib Fresh,Product Description,43.36,231910529
Ginger - Fresh,Product Description,46.15,378176497
True - Vue Containers,Product Description,9.90,990185913
Wine - Chablis 2003 Champs,Product Description,1.60,974052268
"Chicken - Breast, 5 - 7 Oz",Product Description,21.99,562784034
Cookies - Fortune,Product Description,23.35,753251000
Cookies Oatmeal Raisin,Product Description,7.44,340886779
Plasticknivesblack,Product Description,31.31,130512121
Lemon Pepper,Product Description,27.60,814200382
Squid Ink,Product Description,40.89,821884962
Muffin Mix - Blueberry,Product Description,19.34,976311574
"Trout - Rainbow, Frozen",Product Description,42.56,972553173
"Octopus - Baby, Cleaned",Product Description,11.98,881262256
Pear - Asian,Product Description,34.88,123439267
Bacardi Breezer - Tropical,Product Description,42.97,469279062
Longan,Product Description,46.06,885987975
Table Cloth 90x90 White,Product Description,10.39,652707238
Jagermeister,Product Description,48.61,850350389
Beef - Inside Round,Product Description,44.98,884378448
Wine - Pinot Noir Stoneleigh,Product Description,44.83,518702650
Beer - Labatt Blue,Product Description,22.68,240674081
Dasheen,Product Description,44.39,531154471
Cheese - Montery Jack,Product Description,39.08,698534692
Alize Sunset,Product Description,41.24,826310614
Table Cloth - 53x69 Colour,Product Description,38.56,168104622
"Asparagus - White, Canned",Product Description,41.73,958116962
Cilantro / Coriander - Fresh,Product Description,27.52,157938278
Loquat,Product Description,35.62,467635538
Grand Marnier,Product Description,38.98,486667796
Glove - Cutting,Product Description,26.79,791275696
Sprouts - Peppercress,Product Description,17.67,739018496
Wine La Vielle Ferme Cote Du,Product Description,12.97,239216164
"Iced Tea - Lemon, 340ml",Product Description,28.44,777053400
Caviar - Salmon,Product Description,24.78,521803932
Calvados - Boulard,Product Description,46.60,523323950
Beets,Product Description,45.89,253096852
Tea - Earl Grey,Product Description,19.91,440622048
"Garlic - Primerba, Paste",Product Description,16.00,308023421
"Tart Shells - Sweet, 2",Product Description,22.11,333934016
Cheese - Perron Cheddar,Product Description,10.21,997046008
Cheese Cloth No 60,Product Description,10.20,609697736
Wood Chips - Regular,Product Description,26.28,909077054
Bar Bran Honey Nut,Product Description,3.29,442869747
Carbonated Water - Cherry,Product Description,3.19,213226267
Cabbage - Nappa,Product Description,39.65,487196151
Flower - Potmums,Product Description,33.21,540594499
"Liners - Banana, Paper",Product Description,20.69,883582569
Garlic Powder,Product Description,4.27,809192395
Sobe - Green Tea,Product Description,20.63,160056247
Coffee - Cafe Moreno,Product Description,45.23,331052993
Galliano,Product Description,14.36,814291772
Neckerchief Blck,Product Description,34.59,995431911
Cassis,Product Description,33.10,524283307
Salmon - Canned,Product Description,35.21,977234955
Toothpick Frilled,Product Description,40.86,731153302
Lettuce - Escarole,Product Description,27.85,752925747
Cheese - Blue,Product Description,30.48,391240918
"Lamb - Leg, Bone In",Product Description,42.88,316902189
Nantucket Pine Orangebanana,Product Description,19.55,277900323
Lettuce - Romaine,Product Description,13.61,688089916
Cookies - Englishbay Chochip,Product Description,22.36,316688057
Petit Baguette,Product Description,46.22,885321709
Flavouring - Orange,Product Description,36.70,235131417
Wiberg Cure,Product Description,23.63,295020259
"Juice - Apple, 341 Ml",Product Description,34.39,233978860
Juice - Mango,Product Description,15.84,457556369
Chinese Foods - Pepper Beef,Product Description,22.27,935073427
Swiss Chard,Product Description,22.00,606501759
Cleaner - Bleach,Product Description,34.11,211032623
"Cod - Salted, Boneless",Product Description,23.11,976772821
Soup - French Can Pea,Product Description,47.33,585408180
Pork - European Side Bacon,Product Description,12.19,966638449
"Wine - White, Ej Gallo",Product Description,11.37,188954603
"Beef - Tongue, Fresh",Product Description,0.13,826574840
Flour Pastry Super Fine,Product Description,0.03,870415295
Ostrich - Fan Fillet,Product Description,33.24,908922992
Wine - Beaujolais Villages,Product Description,34.78,656520522
Lid Tray - 12in Dome,Product Description,21.42,425913478
"Rum - Spiced, Captain Morgan",Product Description,45.89,926666892
Jameson - Irish Whiskey,Product Description,11.85,865518593
Pears - Bosc,Product Description,26.40,195396358
Flower - Commercial Bronze,Product Description,7.30,423483206
Curry Powder Madras,Product Description,35.81,883581449
Pastry - Chocolate Chip Muffin,Product Description,29.43,195089975
Pepper - Yellow Bell,Product Description,22.12,551622028
"Veal - Brisket, Provimi,bnls",Product Description,47.49,524657389
"Pepsi, 355 Ml",Product Description,26.84,535781252
Scallops 60/80 Iqf,Product Description,43.14,222382510
Ecolab - Hobart Washarm End Cap,Product Description,45.04,367697547
Wine - Piper Heidsieck Brut,Product Description,29.12,786294254
Five Alive Citrus,Product Description,28.46,520024968
"Yogurt - Peach, 175 Gr",Product Description,8.77,491871524
"Cheese - Cheddar, Mild",Product Description,35.51,775862831
Longos - Lasagna Beef,Product Description,16.10,826068693
Steel Wool,Product Description,37.07,560868135
V8 - Vegetable Cocktail,Product Description,38.13,467077092
Piping Jelly - All Colours,Product Description,17.50,754219699
Fiddlehead - Frozen,Product Description,3.13,280194409
Lamb Shoulder Boneless Nz,Product Description,32.32,280357507
Pork Casing,Product Description,23.88,217001990
"Shrimp - 16/20, Peeled Deviened",Product Description,19.59,184920043
Pectin,Product Description,6.12,476353082
Sausage - Blood Pudding,Product Description,25.90,135655599
Coffee Swiss Choc Almond,Product Description,34.09,480290547
"Soup - Campbells, Chix Gumbo",Product Description,46.65,339291335
Ham - Virginia,Product Description,6.27,875383572
Pasta - Cheese / Spinach Bauletti,Product Description,22.46,460651011
Wakami Seaweed,Product Description,25.42,327603572
Island Oasis - Sweet And Sour Mix,Product Description,18.77,278266654
Veal Inside - Provimi,Product Description,19.52,254942445
"Wine - Red, Cooking",Product Description,10.23,411264573
"Loaf Pan - 2 Lb, Foil",Product Description,23.24,379002555
Chicken - Leg / Back Attach,Product Description,21.71,311681804
Spinach - Baby,Product Description,28.64,333202101
Corn Kernels - Frozen,Product Description,47.97,647033826
Cinnamon Buns Sticky,Product Description,42.34,758643718
Bagel - Everything Presliced,Product Description,4.58,573325612
"Turkey - Whole, Fresh",Product Description,19.04,679475114
Muffin - Bran Ind Wrpd,Product Description,34.54,375676275
Chivas Regal - 12 Year Old,Product Description,23.02,952414871
Squid - U - 10 Thailand,Product Description,19.04,685413302
"Nut - Hazelnut, Ground, Natural",Product Description,35.97,331588735
Extract Vanilla Pure,Product Description,41.12,153594133
Carbonated Water - White Grape,Product Description,40.56,859154836
Rambutan,Product Description,36.28,169532717
Icecream Cone - Areo Chocolate,Product Description,36.58,961340602
"Salmon - Atlantic, Fresh, Whole",Product Description,48.69,417917742
Pie Shells 10,Product Description,33.86,988098526
Caviar - Salmon,Product Description,2.96,340881146
Wine - Rhine Riesling Wolf Blass,Product Description,16.11,467849804
Bread - Onion Focaccia,Product Description,38.30,245522592
Alize Sunset,Product Description,35.23,443451023
Napkin White - Starched,Product Description,23.98,369380399
Guava,Product Description,45.71,851506779
Garlic - Elephant,Product Description,40.37,476116728
"Napkin - Dinner, White",Product Description,15.06,980089217
Egg - Salad Premix,Product Description,21.53,587477785
Apple - Fuji,Product Description,49.10,398723791
Syrup - Chocolate,Product Description,14.60,578270880
Roe - White Fish,Product Description,21.66,257550035
Beer - Sleeman Fine Porter,Product Description,21.64,418181370
Frangelico,Product Description,10.07,266891760
Cheese - Cream Cheese,Product Description,46.36,300100966
Beef - Ground Medium,Product Description,49.07,873192786
Triple Sec - Mcguinness,Product Description,19.80,824074690
Bacardi Breezer - Strawberry,Product Description,7.00,278362952
Lamb Leg - Bone - In Nz,Product Description,33.92,345416131
Salt - Table,Product Description,39.03,824338077
Ice Cream Bar - Rolo Cone,Product Description,14.73,162667583
Cheese - Swiss Sliced,Product Description,0.27,701505088
Sausage - Chorizo,Product Description,31.57,615883265
"Pasta - Penne, Lisce, Dry",Product Description,29.35,839959346
Muffin Puck Ww Carrot,Product Description,38.68,944503385
Appetizer - Assorted Box,Product Description,19.77,787929973
Wiberg Cure,Product Description,48.89,353670847
Creme De Cacao White,Product Description,49.55,660505003
Aspic - Clear,Product Description,46.21,497417682
Lid - 16 Oz And 32 Oz,Product Description,5.39,189596961
Wine - Alsace Gewurztraminer,Product Description,33.57,471177828
Bread - Wheat Baguette,Product Description,46.02,175678402
Langers - Mango Nectar,Product Description,39.49,210564154
Salt And Pepper Mix - Black,Product Description,49.03,428140701
"Wine - Red, Gallo, Merlot",Product Description,18.52,813011096
Cheese - Mozzarella,Product Description,42.71,884391660
Coconut Milk - Unsweetened,Product Description,5.21,679832505
"Cheese - Havarti, Salsa",Product Description,19.02,175134884
"Marsala - Sperone, Fine, D.o.c.",Product Description,23.29,367314502
Muffin - Banana Nut Individual,Product Description,31.33,908210950
Pastry - Chocolate Chip Muffin,Product Description,20.63,105302201
Wine - Chablis J Moreau Et Fils,Product Description,4.36,579035801
Soup - Cream Of Broccoli,Product Description,41.46,684148271
Sprouts - Brussel,Product Description,28.10,294367758
Shopper Bag - S - 4,Product Description,40.86,356856305
Soup - Base Broth Beef,Product Description,43.56,576433563
Smoked Paprika,Product Description,22.87,699043497
Wine - Stoneliegh Sauvignon,Product Description,22.28,961798078
Juice - Apple 284ml,Product Description,28.92,437605478
Milk - 2%,Product Description,16.80,122138246
Mix Pina Colada,Product Description,7.78,105925989
Wine - Valpolicella Masi,Product Description,0.83,686735537
Pancetta,Product Description,41.52,440360081
"Pepper - Chillies, Crushed",Product Description,46.62,623220162
Nantucket Cranberry Juice,Product Description,21.33,298637754
Mustard - Seed,Product Description,23.92,604722240
"Iced Tea - Lemon, 340ml",Product Description,45.85,206898922
Cake - Mini Cheesecake,Product Description,29.46,114960276
Wine - Puligny Montrachet A.,Product Description,49.40,206882286
Pork - Side Ribs,Product Description,10.90,680722877
Appetizer - Tarragon Chicken,Product Description,34.35,338744075
"Pasta - Bauletti, Chicken White",Product Description,1.73,806016704
Chocolate - Feathers,Product Description,40.34,536201063
Garbage Bags - Clear,Product Description,41.53,727525398
Wine - Rosso Toscano Igt,Product Description,36.83,240769753
Eggwhite Frozen,Product Description,16.48,625468049
Green Tea Refresher,Product Description,23.38,796403409
Glove - Cutting,Product Description,17.61,655043702
Containter - 3oz Microwave Rect.,Product Description,7.69,301109990
Spring Roll Wrappers,Product Description,42.03,742460302
Tea - Mint,Product Description,45.11,199531277
"Yogurt - Peach, 175 Gr",Product Description,33.98,722065754
Bread - White Mini Epi,Product Description,4.44,433974428
Longos - Grilled Chicken With,Product Description,29.18,620535733
Dawn Professionl Pot And Pan,Product Description,45.64,303469894
Coffee - 10oz Cup 92961,Product Description,9.08,992711927
"Pepper - Black, Whole",Product Description,25.93,486946767
Wine - Placido Pinot Grigo,Product Description,13.70,626180223
Oil - Sesame,Product Description,49.44,362009895
Cheese - Pied De Vents,Product Description,36.57,699832040
Veal - Nuckle,Product Description,27.10,296071000
Coffee Beans - Chocolate,Product Description,11.66,175847627
Cabbage - Green,Product Description,25.42,425278897
Puree - Mango,Product Description,36.46,505074025
"Quail - Eggs, Fresh",Product Description,3.00,351404525
Flour - Bread,Product Description,21.76,768170081
Pie Pecan,Product Description,44.05,103881936
Skirt - 24 Foot,Product Description,19.92,994351178
Pork - Kidney,Product Description,0.92,603809901
"Tendrils - Baby Pea, Organic",Product Description,17.98,254679561
Wiberg Cure,Product Description,43.49,553262138
Vacuum Bags 12x16,Product Description,37.59,638138310
"Beef - Chuck, Boneless",Product Description,3.53,446831878
"Bread - Roll, Soft White Round",Product Description,44.32,891929708
Creme De Cacao Mcguines,Product Description,34.94,383903202
Garam Masala Powder,Product Description,49.14,997699411
"Soup - Knorr, Veg / Beef",Product Description,3.49,562555354
Pecan Raisin - Tarts,Product Description,23.70,406871063
"Shrimp - Baby, Warm Water",Product Description,27.95,243462610
Vinegar - Tarragon,Product Description,11.44,896805296
Creme De Banane - Marie,Product Description,30.62,194087621
Ecolab - Hobart Washarm End Cap,Product Description,49.24,162530610
Chocolate Liqueur - Godet White,Product Description,4.22,607747805
"Nut - Almond, Blanched, Whole",Product Description,1.20,801991435
Vodka - Smirnoff,Product Description,4.56,773203069
Spinach - Frozen,Product Description,17.69,634908497
Filling - Mince Meat,Product Description,9.85,644852420
Water - Aquafina Vitamin,Product Description,1.52,329255199
Appetizer - Sausage Rolls,Product Description,36.72,941098652
Steam Pan - Half Size Deep,Product Description,28.28,419268163
Tart - Pecan Butter Squares,Product Description,17.74,900971579
Beans - Kidney White,Product Description,1.76,993630975
Hummus - Spread,Product Description,14.63,229627974
Garbage Bags - Black,Product Description,6.25,387601152
Nutmeg - Ground,Product Description,48.55,950135328
Loquat,Product Description,49.10,873691819
Chinese Foods - Chicken,Product Description,26.71,117465366
Olives - Nicoise,Product Description,8.42,551552801
"Wine - White, Schroder And Schyl",Product Description,46.05,149543112
Salt And Pepper Mix - Black,Product Description,8.12,503953615
Devonshire Cream,Product Description,48.67,256666959
"Cup - 6oz, Foam",Product Description,20.59,860894796
"Quail - Whole, Bone - In",Product Description,24.88,981132621
Bread - Granary Small Pull,Product Description,17.88,732476458
"Juice - Apple, 500 Ml",Product Description,24.87,446175928
Bread Fig And Almond,Product Description,24.94,100054339
Pork - Belly Fresh,Product Description,48.65,667009558
Beef Wellington,Product Description,14.76,111090061
"Chestnuts - Whole,canned",Product Description,48.21,305929788
Milk 2% 500 Ml,Product Description,0.06,261031384
Longos - Burritos,Product Description,7.95,797270840
Pastry - Mini French Pastries,Product Description,26.27,320544853
Everfresh Products,Product Description,26.16,513331757
Onions - Spanish,Product Description,43.67,851796121
"Fish - Artic Char, Cold Smoked",Product Description,25.14,675125117
Shallots,Product Description,11.78,223948993
Oneshot Automatic Soap System,Product Description,34.20,236091029
"Cup - 6oz, Foam",Product Description,33.53,192884920
Piping - Bags Quizna,Product Description,8.71,750020979
Beef Dry Aged Tenderloin Aaa,Product Description,42.66,557015872
Onions - Pearl,Product Description,28.37,581499392
Southern Comfort,Product Description,16.17,406809463
"Crab - Back Fin Meat, Canned",Product Description,28.78,327213187
Quail - Jumbo,Product Description,30.46,581497651
Trout - Smoked,Product Description,19.43,429415785
Cake - Mini Cheesecake,Product Description,24.60,255958954
Mix - Cocktail Ice Cream,Product Description,42.34,711403910
"Radish - Black, Winter, Organic",Product Description,8.63,738583897
"Chicken - Wings, Tip Off",Product Description,36.91,545862816
Shrimp - 150 - 250,Product Description,46.38,204870073
"Cheese - Brie, Triple Creme",Product Description,39.67,205294889
Bread - Raisin Walnut Oval,Product Description,29.80,928610824
"Pepper - Black, Crushed",Product Description,20.13,162591106
"Shrimp - Baby, Warm Water",Product Description,37.91,316256205
V8 - Berry Blend,Product Description,17.02,844754527
"Wine - White, Ej Gallo",Product Description,4.54,327601659
Appetizer - Crab And Brie,Product Description,7.30,462347719
Soup - Cream Of Potato / Leek,Product Description,1.24,943924641
"Wine - Red, Gallo, Merlot",Product Description,48.10,596126026
Milk - 2% 250 Ml,Product Description,30.21,525722653
Corn Syrup,Product Description,8.99,806416847
Country Roll,Product Description,40.54,713651276
Lambcasing,Product Description,0.78,122612803
Cake - Lemon Chiffon,Product Description,20.05,714841651
Butter Sweet,Product Description,27.38,202481042
Wine - Lamancha Do Crianza,Product Description,43.37,903080825
Jameson - Irish Whiskey,Product Description,2.89,393048635
Cinnamon - Stick,Product Description,26.41,655320173
"Cherries - Maraschino,jar",Product Description,14.49,250153941
Sausage - Blood Pudding,Product Description,35.18,897787853
"Beef - Tenderlion, Center Cut",Product Description,17.71,681824317
Plums - Red,Product Description,8.09,222287664
Oil - Avocado,Product Description,3.88,104745363
Squid - Tubes / Tenticles 10/20,Product Description,22.70,529138530
Wine - Shiraz South Eastern,Product Description,20.42,887123141
Cheese - Asiago,Product Description,35.54,755183687
"Wine - Red, Lurton Merlot De",Product Description,40.74,612140376
"Wine - Red, Mosaic Zweigelt",Product Description,33.46,240083281
Celery Root,Product Description,44.42,332011365
Napkin - Beverage 1 Ply,Product Description,37.81,773597128
Shark - Loin,Product Description,27.67,603075487
Chutney Sauce,Product Description,26.95,203987741
Extract Vanilla Pure,Product Description,31.27,892374719
Tequila - Sauza Silver,Product Description,22.79,890274412
Puree - Blackcurrant,Product Description,27.91,777145558
Relish,Product Description,24.64,337189792
Mushroom - King Eryingii,Product Description,1.80,809651786
Extract - Almond,Product Description,30.66,469177931
"Bread - Roll, Whole Wheat",Product Description,16.79,393027071
Cheese Cloth No 100,Product Description,9.50,841121161
Tea - Herbal I Love Lemon,Product Description,8.97,128927917
Soho Lychee Liqueur,Product Description,20.84,512806724
"Wine - Red, Gallo, Merlot",Product Description,48.52,626206936
Tea Leaves - Oolong,Product Description,0.30,620481515
Island Oasis - Magarita Mix,Product Description,5.71,130153211
Cotton Wet Mop 16 Oz,Product Description,37.29,482297274
Turnip - Mini,Product Description,5.73,976401528
"Cheese - Cheddar, Mild",Product Description,38.66,312046953
Island Oasis - Pina Colada,Product Description,31.19,156600805
Cloves - Ground,Product Description,43.27,367890301
Soup - Base Broth Chix,Product Description,35.84,896472394
"Wine - Magnotta - Red, Baco",Product Description,21.61,417712185
Chinese Foods - Chicken Wing,Product Description,35.05,386124133
Bread - Pumpernickel,Product Description,42.82,550843704
"Veal - Brisket, Provimi,bnls",Product Description,13.89,596529066
Lettuce - Baby Salad Greens,Product Description,24.90,206624166
Tomatoes - Grape,Product Description,2.50,483902970
"Stock - Beef, Brown",Product Description,1.72,195128556
Red Currants,Product Description,13.44,379798363
Ice Cream - Chocolate,Product Description,10.88,449176837
Chicken Giblets,Product Description,8.66,219489910
Cake Slab,Product Description,25.02,427016723
"Bread - Roll, Calabrese",Product Description,6.48,407794833
Mcguinness - Blue Curacao,Product Description,29.71,121096243
Muffin Batt - Choc Chk,Product Description,16.07,358494418
Milk - Chocolate 250 Ml,Product Description,35.54,798044313
Mushroom - Morel Frozen,Product Description,44.07,895589964
Chick Peas - Canned,Product Description,7.23,390290055
Buttons,Product Description,16.08,130400649
Daves Island Stinger,Product Description,16.50,248106863
"Pork - Ham, Virginia",Product Description,24.31,560859298
"Juice - Clam, 46 Oz",Product Description,40.76,516013514
Soap - Hand Soap,Product Description,17.00,880913559
Dc - Sakura Fu,Product Description,16.29,651079483
Wheat - Soft Kernal Of Wheat,Product Description,1.74,893202508
"Beef - Kindney, Whole",Product Description,24.92,705374644
Tomatoes - Grape,Product Description,9.92,735177914
Cake - Cake Sheet Macaroon,Product Description,17.13,527132150
Sole - Fillet,Product Description,25.87,335334478
Broom And Brush Rack Black,Product Description,16.85,785117146
Chocolate Bar - Oh Henry,Product Description,12.75,553050718
Beer - Molson Excel,Product Description,11.52,508636831
Garlic - Elephant,Product Description,38.52,673586252
Bouq All Italian - Primerba,Product Description,46.45,275641549
Cheese - Gorgonzola,Product Description,28.56,255948951
Wonton Wrappers,Product Description,11.53,455330890
Lamb - Bones,Product Description,6.01,460606209
Wine - Winzer Krems Gruner,Product Description,20.55,723520899
Cheese - Brie,Product Description,38.94,455540335
Wine - Chianti Classica Docg,Product Description,12.81,851095029
Sun - Dried Tomatoes,Product Description,10.59,156994769
Beef Ground Medium,Product Description,44.72,768822467
Pepper - Chili Powder,Product Description,27.40,280114945
Bok Choy - Baby,Product Description,10.03,731239750
Water Chestnut - Canned,Product Description,48.39,861631362
"Juice - Orange, 341 Ml",Product Description,28.22,788258506
Wine - Cava Aria Estate Brut,Product Description,25.88,938991596
Soup - Campbells - Chicken Noodle,Product Description,39.71,318966440
Appetizer - Tarragon Chicken,Product Description,9.11,798238069
Fond - Neutral,Product Description,1.84,738816637
"Pasta - Cappellini, Dry",Product Description,1.79,632035442
"Wine - White, Pinot Grigio",Product Description,18.85,646801355
"Leeks - Baby, White",Product Description,6.68,956487612
Crab - Soft Shell,Product Description,36.22,740302522
Wine - Semi Dry Riesling Vineland,Product Description,22.77,653282592
"Trout - Rainbow, Fresh",Product Description,25.66,867187284
Wine - Prosecco Valdobienne,Product Description,18.04,592157580
Wine - Sicilia Igt Nero Avola,Product Description,17.91,744496260
"Soup - Knorr, Veg / Beef",Product Description,39.59,930235754
Turkey - Oven Roast Breast,Product Description,10.43,982750127
Bagelers - Cinn / Brown,Product Description,41.59,184387869
Bar Energy Chocchip,Product Description,10.15,881824308
Tomato Puree,Product Description,15.31,423844076
Bread - Crusty Italian Poly,Product Description,31.85,432433031
Ice Cream Bar - Drumstick,Product Description,3.48,599133892
"Quail - Whole, Boneless",Product Description,37.08,779510150
Sword Pick Asst,Product Description,46.19,590955602
"Lemonade - Mandarin, 591 Ml",Product Description,13.31,229320461
Bacon Strip Precooked,Product Description,21.41,692380438
Cheese - Parmesan Cubes,Product Description,48.67,580582960
Bagelers - Cinn / Brown Sugar,Product Description,29.93,899948856
Carbonated Water - Blackberry,Product Description,35.31,429321880
Wine - Soave Folonari,Product Description,47.09,239724573
Venison - Liver,Product Description,49.01,120751392
Bread - Hot Dog Buns,Product Description,32.67,767012783
Wine - Vidal Icewine Magnotta,Product Description,47.70,773520483
Oil - Olive,Product Description,2.19,560260386
"Lettuce - Mini Greens, Whole",Product Description,2.01,392304680
"Lemonade - Strawberry, 591 Ml",Product Description,14.38,336704600
Red Pepper Paste,Product Description,46.94,540107050
"Turnip - White, Organic",Product Description,41.35,707002192
Daikon Radish,Product Description,33.64,942347530
"Jam - Marmalade, Orange",Product Description,10.43,328311958
Bay Leaf Ground,Product Description,29.31,874113738
Coffee Beans - Chocolate,Product Description,0.91,988159650
Tomatoes - Heirloom,Product Description,16.23,655205338
Carbonated Water - Strawberry,Product Description,39.23,515063375
Silicone Parch. 16.3x24.3,Product Description,21.76,302234323
Bagel - Whole White Sesame,Product Description,23.44,885608191
Tomatoes - Heirloom,Product Description,26.77,748957877
"Liqueur Banana, Ramazzotti",Product Description,17.53,595895975
Bread Bowl Plain,Product Description,22.24,731216901
Mushroom - Lg - Cello,Product Description,49.50,398578331
"Doilies - 8, Paper",Product Description,25.44,514191252
Coffee - Hazelnut Cream,Product Description,13.39,729850226
Bread - Pumpernickel,Product Description,14.76,254670120
Chips Potato Salt Vinegar 43g,Product Description,7.98,364400827
Bread - Granary Small Pull,Product Description,5.47,516671420
Steamers White,Product Description,8.30,215393555
Yoplait - Strawbrasp Peac,Product Description,36.80,383930279
"Bread - Rolls, Corn",Product Description,38.10,284280538
Coffee - Decaffeinato Coffee,Product Description,31.42,960774762
Cup - 8oz Coffee Perforated,Product Description,10.54,379908917
Juice - Lime,Product Description,23.08,953149029
Fenngreek Seed,Product Description,43.44,532334167
Coffee - Decaffeinato Coffee,Product Description,2.04,859927300
"Chicken - Wings, Tip Off",Product Description,20.04,360189839
"Shrimp - Baby, Cold Water",Product Description,48.58,701813305
"Bread - Multigrain, Loaf",Product Description,3.57,253112749
Coffee Decaf Colombian,Product Description,24.96,348470536
Beer - Rickards Red,Product Description,7.19,257748724
Oil - Sunflower,Product Description,18.46,950826961
Beer - Mill St Organic,Product Description,46.50,394405248
Sauce - Mint,Product Description,5.90,994847443
"Cake Circle, Foil, Scallop",Product Description,15.10,801761309
Tarragon - Fresh,Product Description,44.90,648535515
Bread - Sour Sticks With Onion,Product Description,40.64,422446419
Island Oasis - Pina Colada,Product Description,12.85,802293082
"Red Snapper - Fillet, Skin On",Product Description,33.52,461093289
Mini - Vol Au Vents,Product Description,24.39,751232161
Cinnamon - Ground,Product Description,17.78,239024378
Wine - Jaboulet Cotes Du Rhone,Product Description,31.23,477095348
Veal - Heart,Product Description,26.07,636898284
"Salmon - Smoked, Sliced",Product Description,36.28,499506047
"Pork - Back, Long Cut, Boneless",Product Description,27.28,791630343
"Vermouth - Sweet, Cinzano",Product Description,21.11,283552070
Huck Towels White,Product Description,18.51,477768294
Chocolate - Milk,Product Description,9.51,342760742
"Doilies - 10, Paper",Product Description,11.87,899512359
Cranberries - Dry,Product Description,44.40,582479865
Coffee - Almond Amaretto,Product Description,4.32,408063903
Salmon Steak - Cohoe 8 Oz,Product Description,8.50,631781676
Beer - True North Strong Ale,Product Description,11.11,982011664
"Iced Tea - Lemon, 460 Ml",Product Description,29.72,396538216
"Sauce - Gravy, Au Jus, Mix",Product Description,40.73,634229607
Chicken - Base,Product Description,7.76,159619619
Halibut - Steaks,Product Description,10.96,589737929
Grapefruit - White,Product Description,35.25,825031196
Graham Cracker Mix,Product Description,34.21,819941123
V8 Pet,Product Description,22.92,463623269
Cheese - Gouda,Product Description,41.53,904732463
Napkin - Beverage 1 Ply,Product Description,47.72,146403493
Cornish Hen,Product Description,6.15,119197866
Mini - Vol Au Vents,Product Description,21.00,895371014
"Stock - Beef, Brown",Product Description,47.19,441246641
Wine - Ruffino Chianti Classico,Product Description,2.80,965936077
Cake - Sheet Strawberry,Product Description,28.64,804165258
Truffle Cups Green,Product Description,33.14,101736795
Beef - Striploin,Product Description,39.26,712752863
Veal - Loin,Product Description,0.32,922826989
Mortadella,Product Description,32.48,836314222
Cleaner - Comet,Product Description,42.52,157563237
Snapple - Mango Maddness,Product Description,3.65,100581648
Liners - Baking Cups,Product Description,21.85,139810730
"Sauce - Bernaise, Mix",Product Description,24.62,493300988
Vinegar - Cider,Product Description,40.07,224996846
Beef - Texas Style Burger,Product Description,41.76,476364639
Cocoa Feuilletine,Product Description,11.59,988936743
Cabbage - Green,Product Description,4.19,614528811
Green Tea Refresher,Product Description,47.37,937777817
French Pastry - Mini Chocolate,Product Description,5.71,879882121
Salami - Genova,Product Description,47.97,836045293
Soup - Campbells Chicken,Product Description,20.71,119575573
Taro Leaves,Product Description,16.57,646195958
Lotus Rootlets - Canned,Product Description,1.72,966922199
Nantuket Peach Orange,Product Description,38.42,325526940
Chinese Foods - Pepper Beef,Product Description,20.18,925447909
Dome Lid Clear P92008h,Product Description,45.58,831096250
Bananas,Product Description,20.41,286433253
Broom - Angled,Product Description,17.06,479273280
Puree - Kiwi,Product Description,32.68,632679882
"Fish - Base, Bouillion",Product Description,22.07,854004948
"Olives - Black, Pitted",Product Description,18.04,144365208
Buffalo - Short Rib Fresh,Product Description,28.30,735496556
Wine - Black Tower Qr,Product Description,21.82,164560830
"Arctic Char - Fresh, Whole",Product Description,1.70,303442637
"Quail - Eggs, Fresh",Product Description,30.56,290790606
Wine - Remy Pannier Rose,Product Description,32.81,158487238
Scallops - 20/30,Product Description,16.99,264495137
Compound - Strawberry,Product Description,47.57,253332299
Cloves - Whole,Product Description,19.82,928002015
Tomato - Tricolor Cherry,Product Description,5.92,388839499
Kiwi,Product Description,9.20,304284005
Laundry - Bag Cloth,Product Description,44.49,843386376
Wild Boar - Tenderloin,Product Description,48.57,555453161
Soup - Verve - Chipotle Chicken,Product Description,31.33,576087353
Cheese - St. Andre,Product Description,17.77,979650249
"Wine - Harrow Estates, Vidal",Product Description,15.78,277219821
"Water, Tap",Product Description,24.72,186220671
Buffalo - Striploin,Product Description,39.74,254867480
Vaccum Bag 10x13,Product Description,24.52,354757476
"Pepper - Red, Finger Hot",Product Description,35.31,466390804
"Pepper - Paprika, Spanish",Product Description,36.41,749923112
Soupcontfoam16oz 116con,Product Description,6.52,653516829
Mince Meat - Filling,Product Description,25.02,776830474
Cumin - Ground,Product Description,36.19,354189426
"Sparkling Wine - Rose, Freixenet",Product Description,34.06,698211215
Broccoli - Fresh,Product Description,16.83,302343674
Chicken - White Meat With Tender,Product Description,13.66,183172614
"Noodles - Cellophane, Thin",Product Description,43.97,697503152
Calypso - Strawberry Lemonade,Product Description,19.97,356065450
Sauce - Alfredo,Product Description,16.05,914978503
Muffin Batt - Carrot Spice,Product Description,30.32,921081666
"Corn - Cream, Canned",Product Description,13.92,396952281
Apricots Fresh,Product Description,19.70,334410949
Onions - Red,Product Description,24.49,397853195
Energy Drink - Redbull 355ml,Product Description,20.04,664295192
Soup V8 Roasted Red Pepper,Product Description,44.57,488701698
Carbonated Water - Wildberry,Product Description,26.51,246244916
Lettuce - Sea / Sea Asparagus,Product Description,47.58,969109913
Carbonated Water - Cherry,Product Description,48.08,368061413
Compound - Mocha,Product Description,11.54,108947184
Potatoes - Pei 10 Oz,Product Description,27.89,545793402
Yoplait Drink,Product Description,1.42,161468541
Graham Cracker Mix,Product Description,29.97,777609670
Piping Jelly - All Colours,Product Description,14.46,225278600
"Pasta - Fettuccine, Dry",Product Description,7.29,483420765
Garbag Bags - Black,Product Description,10.47,389324537
Wine - Black Tower Qr,Product Description,18.28,331837213
Cookies Oatmeal Raisin,Product Description,17.58,416205089
Bay Leaf,Product Description,15.44,245058399
Mustard - Individual Pkg,Product Description,13.67,436278893
Nut - Macadamia,Product Description,22.31,390360347
Cornstarch,Product Description,1.14,452989043
"Iced Tea - Lemon, 460 Ml",Product Description,44.36,376826811
Cheese - Fontina,Product Description,44.75,585726817
Evaporated Milk - Skim,Product Description,10.03,579873785
"Bread - Bagels, Mini",Product Description,26.96,580313759
Bread - Pain Au Liat X12,Product Description,27.94,176003609
Wine - Charddonnay Errazuriz,Product Description,10.01,994369494
Wine - Two Oceans Cabernet,Product Description,42.53,681235641
"Flour - Buckwheat, Dark",Product Description,2.12,497058752
Cheese Cloth No 100,Product Description,17.04,346254037
Bandage - Flexible Neon,Product Description,35.34,603996288
Ham - Procutinni,Product Description,23.09,489320410
Apple - Macintosh,Product Description,11.33,378880372
Soup - French Can Pea,Product Description,37.37,225467754
Milk - 1%,Product Description,49.95,941899961
"Beans - Black Bean, Preserved",Product Description,42.00,596266309
"Bread - Rolls, Rye",Product Description,49.90,366898921
Shrimp - Black Tiger 6 - 8,Product Description,4.73,214198326
Pastry - Baked Scones - Mini,Product Description,41.62,982674304
Paper - Brown Paper Mini Cups,Product Description,34.73,354750239
Sugar - Brown,Product Description,9.68,368321602
Soup - Boston Clam Chowder,Product Description,6.90,288428523
Wine - Alsace Gewurztraminer,Product Description,31.65,800132150
"Butter - Salted, Micro",Product Description,23.36,543421271
Bag Clear 10 Lb,Product Description,44.60,461004876
Cherries - Fresh,Product Description,34.06,726726109
White Fish - Filets,Product Description,30.46,848225419
Bok Choy - Baby,Product Description,39.67,446165127
"Chocolate - Milk, Callets",Product Description,29.02,657856954
"Lamb - Shoulder, Boneless",Product Description,26.68,119886466
Truffle Paste,Product Description,27.56,766782437
Cheese - Swiss,Product Description,29.65,252846149
Shrimp - 100 / 200 Cold Water,Product Description,39.51,742705817
"Marsala - Sperone, Fine, D.o.c.",Product Description,46.68,155194035
Beef - Shank,Product Description,37.25,549539022
Sea Bass - Whole,Product Description,42.15,567671651
"Artichoke - Bottom, Canned",Product Description,48.32,954273733
"Cheese - Cheddar, Mild",Product Description,21.60,577830659
Gelatine Leaves - Envelopes,Product Description,8.46,250633425
Dish Towel,Product Description,18.43,956155493
Wine - Rosso Toscano Igt,Product Description,44.68,664288332
Mints - Striped Red,Product Description,7.97,150251431
Wanton Wrap,Product Description,3.18,831174298
Garlic,Product Description,49.48,921555450
Lamb - Shoulder,Product Description,28.97,940253436
Glass Clear 7 Oz Xl,Product Description,26.68,172750827
"Wine - White, Riesling, Henry Of",Product Description,5.61,509560017
Mikes Hard Lemonade,Product Description,8.43,895151497
Orange - Blood,Product Description,6.99,274495053
Coffee Caramel Biscotti,Product Description,13.86,224298607
"Wine - Red, Pinot Noir, Chateau",Product Description,30.33,723534411
Honey - Comb,Product Description,35.90,710873049
Soup - Tomato Mush. Florentine,Product Description,19.47,914396760
Pastry - Cherry Danish - Mini,Product Description,46.03,357722796
Scallops - U - 10,Product Description,17.83,994435375
Beef - Salted,Product Description,8.44,940750163
Calypso - Lemonade,Product Description,25.66,444557260
Onions - White,Product Description,28.30,356454206
"Tart Shells - Barquettes, Savory",Product Description,32.63,856230460
Energy Drink - Redbull 355ml,Product Description,27.50,868507804
Cheese - Ermite Bleu,Product Description,6.61,775138222
Kellogs Raisan Bran Bars,Product Description,40.44,497026585
"Cup - 3.5oz, Foam",Product Description,28.05,307609031
Bread - Triangle White,Product Description,45.54,332464652
"Vermouth - Sweet, Cinzano",Product Description,38.40,510953803
Nantucket Orange Juice,Product Description,38.24,761571416
Wiberg Super Cure,Product Description,26.36,439672082
"Pasta - Penne, Rigate, Dry",Product Description,30.41,514611369
Cheese - Blue,Product Description,40.59,666822298
Zucchini - Green,Product Description,24.62,930074174
Steampan Lid,Product Description,9.82,171163978
Chicken - Whole Roasting,Product Description,31.75,187189136
Wine - Magnotta - Belpaese,Product Description,17.62,491601288
"Split Peas - Yellow, Dry",Product Description,44.25,105500605
Wine - Rosso Del Veronese Igt,Product Description,42.44,610289132
Dill Weed - Dry,Product Description,15.49,527303211
Table Cloth 81x81 Colour,Product Description,0.15,841753516
Olives - Morracan Dired,Product Description,48.85,180268561
Eggplant - Asian,Product Description,11.37,926931983
Mcguinness - Blue Curacao,Product Description,18.74,809552551
"Pasta - Fusili, Dry",Product Description,13.61,252465454
Roe - White Fish,Product Description,47.02,950900495
"Beans - Fava, Canned",Product Description,1.90,869697304
Container Clear 8 Oz,Product Description,49.17,442400340
Appetizer - Cheese Bites,Product Description,32.29,721836789
Squid U5 - Thailand,Product Description,4.91,862618939
Container - Clear 16 Oz,Product Description,0.54,979414303
Bread - Multigrain Oval,Product Description,20.35,500168465
Bread - Dark Rye,Product Description,22.49,340376909
Tomatoes Tear Drop,Product Description,34.69,812773434
Water - Aquafina Vitamin,Product Description,15.05,308915282
Bar Energy Chocchip,Product Description,27.52,954406118
"Clams - Littleneck, Whole",Product Description,8.19,643682356
Hinge W Undercut,Product Description,37.67,773733963
"Split Peas - Yellow, Dry",Product Description,14.00,411214194
Island Oasis - Mango Daiquiri,Product Description,26.54,952611710
Shrimp - 31/40,Product Description,26.44,437745601
Beer - Sleemans Honey Brown,Product Description,8.19,256766526
"Mop Head - Cotton, 24 Oz",Product Description,49.48,788290976
Spinach - Spinach Leaf,Product Description,40.42,950933006
"Pepsi, 355 Ml",Product Description,20.45,658473659
Calypso - Strawberry Lemonade,Product Description,39.23,661208484
"Chocolate - Pistoles, Lactee, Milk",Product Description,25.19,926432324
Beets - Golden,Product Description,30.82,623277703
Beef Tenderloin Aaa,Product Description,11.69,476387955
Creme De Cacao White,Product Description,47.19,310271105
Marjoram - Fresh,Product Description,43.42,666677929
Juice - Mango,Product Description,42.95,843005147
Pomello,Product Description,35.99,830500913
Table Cloth 53x69 White,Product Description,7.15,121859756
"Shrimp - Baby, Warm Water",Product Description,38.53,669106407
Soup - Campbells,Product Description,39.56,263313356
Tart - Butter Plain Squares,Product Description,47.78,502235465
Wine - Fat Bastard Merlot,Product Description,11.71,529909239
"Rice Pilaf, Dry,package",Product Description,13.65,837524161
Nescafe - Frothy French Vanilla,Product Description,45.99,816893626
Muffin Hinge - 211n,Product Description,47.78,154412104
Steampan - Lid For Half Size,Product Description,24.94,552039383
"Cake Circle, Foil, Scallop",Product Description,3.04,679132788
Onions - White,Product Description,20.80,437035825
Straws - Cocktale,Product Description,41.62,343128212
Bread - Crusty Italian Poly,Product Description,28.80,230188572
Glass - Juice Clear 5oz 55005,Product Description,23.45,354041632
"Juice - Clam, 46 Oz",Product Description,22.14,873245675
"Salmon - Atlantic, No Skin",Product Description,1.42,502553294
Trout Rainbow Whole,Product Description,2.68,918219893
Flounder - Fresh,Product Description,9.26,930682296
Chinese Foods - Chicken Wing,Product Description,7.32,412011450
Pepper - Green Thai,Product Description,30.33,158694452
